SELECT "1";
INSERT INTO SPECIES(TaxID,ScientificName,Life,Domain,Kingdom,Phylum,Class,Ordr,Family,Genre,Specie) VALUES(0,"scientificname0","life0","domain0","kingdom0","phylum0","class0","ordr0","family0","genre0","specie0");
INSERT INTO SPECIES(TaxID,ScientificName,Life,Domain,Kingdom,Phylum,Class,Ordr,Family,Genre,Specie) VALUES(1,"scientificname1","life1","domain1","kingdom1","phylum1","class1","ordr1","family1","genre1","specie1");
INSERT INTO SPECIES(TaxID,ScientificName,Life,Domain,Kingdom,Phylum,Class,Ordr,Family,Genre,Specie) VALUES(2,"scientificname2","life2","domain2","kingdom2","phylum2","class2","ordr2","family2","genre2","specie2");
INSERT INTO SPECIES(TaxID,ScientificName,Life,Domain,Kingdom,Phylum,Class,Ordr,Family,Genre,Specie) VALUES(3,"scientificname3","life3","domain3","kingdom3","phylum3","class3","ordr3","family3","genre3","specie3");
INSERT INTO SPECIES(TaxID,ScientificName,Life,Domain,Kingdom,Phylum,Class,Ordr,Family,Genre,Specie) VALUES(4,"scientificname4","life4","domain4","kingdom4","phylum4","class4","ordr4","family4","genre4","specie4");
SELECT "2";
INSERT INTO PFUNCTION(ID,Description) VALUES(0,"description0");
INSERT INTO PFUNCTION(ID,Description) VALUES(1,"description1");
INSERT INTO PFUNCTION(ID,Description) VALUES(2,"description2");
INSERT INTO PFUNCTION(ID,Description) VALUES(3,"description3");
INSERT INTO PFUNCTION(ID,Description) VALUES(4,"description4");
SELECT "3";
INSERT INTO PUSER(ID,Name,DateBirth,ProfilePicture,University,Profession) VALUES(0,"name0",NULL,"profilepicture0","university0","profession0");
INSERT INTO PUSER(ID,Name,DateBirth,ProfilePicture,University,Profession) VALUES(1,"name1",NULL,"profilepicture1","university1","profession1");
INSERT INTO PUSER(ID,Name,DateBirth,ProfilePicture,University,Profession) VALUES(2,"name2",NULL,"profilepicture2","university2","profession2");
INSERT INTO PUSER(ID,Name,DateBirth,ProfilePicture,University,Profession) VALUES(3,"name3",NULL,"profilepicture3","university3","profession3");
INSERT INTO PUSER(ID,Name,DateBirth,ProfilePicture,University,Profession) VALUES(4,"name4",NULL,"profilepicture4","university4","profession4");
SELECT "4";
INSERT INTO CURATOR(User_ID,DateOfContract) VALUES(0,CURDATE());
INSERT INTO CURATOR(User_ID,DateOfContract) VALUES(1,CURDATE());
INSERT INTO CURATOR(User_ID,DateOfContract) VALUES(2,CURDATE());
INSERT INTO CURATOR(User_ID,DateOfContract) VALUES(3,CURDATE());
INSERT INTO CURATOR(User_ID,DateOfContract) VALUES(4,CURDATE());
SELECT "5";
INSERT INTO GENE(Name,Size,Sequence,GC_Content,AT_Content) VALUES(0,0,"sequence0",0,0);
INSERT INTO GENE(Name,Size,Sequence,GC_Content,AT_Content) VALUES(1,1,"sequence1",1,1);
INSERT INTO GENE(Name,Size,Sequence,GC_Content,AT_Content) VALUES(2,2,"sequence2",2,2);
INSERT INTO GENE(Name,Size,Sequence,GC_Content,AT_Content) VALUES(3,3,"sequence3",3,3);
INSERT INTO GENE(Name,Size,Sequence,GC_Content,AT_Content) VALUES(4,4,"sequence4",4,4);
SELECT "6";
INSERT INTO PROTEIN_ENTRY(AccessionID,FullName,Sequence,ProteinType,Gene_Name,S_TaxID) VALUES("accessionid0","fullname0","sequence0","proteintype0",4,0);
INSERT INTO PROTEIN_ENTRY(AccessionID,FullName,Sequence,ProteinType,Gene_Name,S_TaxID) VALUES("accessionid1","fullname1","sequence1","proteintype1",2,1);
INSERT INTO PROTEIN_ENTRY(AccessionID,FullName,Sequence,ProteinType,Gene_Name,S_TaxID) VALUES("accessionid2","fullname2","sequence2","proteintype2",2,4);
INSERT INTO PROTEIN_ENTRY(AccessionID,FullName,Sequence,ProteinType,Gene_Name,S_TaxID) VALUES("accessionid3","fullname3","sequence3","proteintype3",3,1);
INSERT INTO PROTEIN_ENTRY(AccessionID,FullName,Sequence,ProteinType,Gene_Name,S_TaxID) VALUES("accessionid4","fullname4","sequence4","proteintype4",0,4);
SELECT "7";
INSERT INTO DISEASE(ICD10Code,Name,Description) VALUES("icd10code0","name0","description0");
INSERT INTO DISEASE(ICD10Code,Name,Description) VALUES("icd10code1","name1","description1");
INSERT INTO DISEASE(ICD10Code,Name,Description) VALUES("icd10code2","name2","description2");
INSERT INTO DISEASE(ICD10Code,Name,Description) VALUES("icd10code3","name3","description3");
INSERT INTO DISEASE(ICD10Code,Name,Description) VALUES("icd10code4","name4","description4");
SELECT "8";
INSERT INTO PUBLICATION(ID,Link,User_ID,SubmitionDate) VALUES(0,"link0",2,CURDATE());
INSERT INTO PUBLICATION(ID,Link,User_ID,SubmitionDate) VALUES(1,"link1",4,CURDATE());
INSERT INTO PUBLICATION(ID,Link,User_ID,SubmitionDate) VALUES(2,"link2",0,CURDATE());
INSERT INTO PUBLICATION(ID,Link,User_ID,SubmitionDate) VALUES(3,"link3",4,CURDATE());
INSERT INTO PUBLICATION(ID,Link,User_ID,SubmitionDate) VALUES(4,"link4",3,CURDATE());
SELECT "9";
INSERT INTO PUB_AUTHOR(Publication_ID,AuthorName) VALUES(0,"authorname0");
INSERT INTO PUB_AUTHOR(Publication_ID,AuthorName) VALUES(4,"authorname1");
INSERT INTO PUB_AUTHOR(Publication_ID,AuthorName) VALUES(0,"authorname2");
INSERT INTO PUB_AUTHOR(Publication_ID,AuthorName) VALUES(1,"authorname3");
INSERT INTO PUB_AUTHOR(Publication_ID,AuthorName) VALUES(3,"authorname4");
SELECT "10";
INSERT INTO PROJECT(ID,Description) VALUES(1,"description1");
INSERT INTO PROJECT(ID,Description) VALUES(2,"description2");
INSERT INTO PROJECT(ID,Description) VALUES(3,"description3");
INSERT INTO PROJECT(ID,Description) VALUES(4,"description4");
SELECT "11";
INSERT INTO PARTICIPATES(User_ID,Project_ID) VALUES(0,2);
INSERT INTO PARTICIPATES(User_ID,Project_ID) VALUES(0,1);
INSERT INTO PARTICIPATES(User_ID,Project_ID) VALUES(2,1);
INSERT INTO PARTICIPATES(User_ID,Project_ID) VALUES(2,3);
SELECT "12";
INSERT INTO CAUSES(P_AccessionID,Disease_ICD10Code) VALUES("accessionid3","icd10code3");
INSERT INTO CAUSES(P_AccessionID,Disease_ICD10Code) VALUES("accessionid2","icd10code1");
INSERT INTO CAUSES(P_AccessionID,Disease_ICD10Code) VALUES("accessionid0","icd10code3");
INSERT INTO CAUSES(P_AccessionID,Disease_ICD10Code) VALUES("accessionid3","icd10code4");
SELECT "13";
INSERT INTO HAS_FUNCTION(P_AccessionID,Function_ID) VALUES("accessionid4",2);
INSERT INTO HAS_FUNCTION(P_AccessionID,Function_ID) VALUES("accessionid1",0);
INSERT INTO HAS_FUNCTION(P_AccessionID,Function_ID) VALUES("accessionid4",3);
INSERT INTO HAS_FUNCTION(P_AccessionID,Function_ID) VALUES("accessionid1",4);
SELECT "14";
INSERT INTO INTERACTION(P_AccessionID,P2_AccessionID) VALUES("accessionid3","accessionid4");
INSERT INTO INTERACTION(P_AccessionID,P2_AccessionID) VALUES("accessionid2","accessionid3");
INSERT INTO INTERACTION(P_AccessionID,P2_AccessionID) VALUES("accessionid1","accessionid2");
INSERT INTO INTERACTION(P_AccessionID,P2_AccessionID) VALUES("accessionid1","accessionid3");
SELECT "15";
INSERT INTO MENTION_INTERACTION(I_P_AccessionID,I_P2_AccessionID,Publication_ID) VALUES("accessionid3","accessionid4",0);
INSERT INTO MENTION_INTERACTION(I_P_AccessionID,I_P2_AccessionID,Publication_ID) VALUES("accessionid2","accessionid3",1);
INSERT INTO MENTION_INTERACTION(I_P_AccessionID,I_P2_AccessionID,Publication_ID) VALUES("accessionid1","accessionid2",2);
INSERT INTO MENTION_INTERACTION(I_P_AccessionID,I_P2_AccessionID,Publication_ID) VALUES("accessionid1","accessionid2",1);
SELECT "16";
INSERT INTO APROVAL_MENTION_INTERACTION(Curator_ID,M_I_P_AccessionID,M_I_P2_AccessionID,M_Publication_ID,DateOfApproval) VALUES(2,"accessionid3","accessionid4",0,NULL);
INSERT INTO APROVAL_MENTION_INTERACTION(Curator_ID,M_I_P_AccessionID,M_I_P2_AccessionID,M_Publication_ID,DateOfApproval) VALUES(4,"accessionid2","accessionid3",1,NULL);
INSERT INTO APROVAL_MENTION_INTERACTION(Curator_ID,M_I_P_AccessionID,M_I_P2_AccessionID,M_Publication_ID,DateOfApproval) VALUES(0,"accessionid1","accessionid2",1,NULL);
INSERT INTO APROVAL_MENTION_INTERACTION(Curator_ID,M_I_P_AccessionID,M_I_P2_AccessionID,M_Publication_ID,DateOfApproval) VALUES(4,"accessionid3","accessionid4",0,NULL);
SELECT "17";
INSERT INTO MENTION_FUNCTION(P_AccessionID,F_ID,Publication_ID) VALUES("accessionid3",1,1);
INSERT INTO MENTION_FUNCTION(P_AccessionID,F_ID,Publication_ID) VALUES("accessionid0",2,4);
INSERT INTO MENTION_FUNCTION(P_AccessionID,F_ID,Publication_ID) VALUES("accessionid1",3,3);
INSERT INTO MENTION_FUNCTION(P_AccessionID,F_ID,Publication_ID) VALUES("accessionid3",4,0);
SELECT "18";
INSERT INTO APROVAL_MENTION_FUNCTION(Curator_ID,M_F_P_AccessionID,M_I_F_ID,M_Publication_ID,DateOfApproval) VALUES(2,"accessionid3",1,1,CURDATE());
INSERT INTO APROVAL_MENTION_FUNCTION(Curator_ID,M_F_P_AccessionID,M_I_F_ID,M_Publication_ID,DateOfApproval) VALUES(2,"accessionid0",2,4,CURDATE());
INSERT INTO APROVAL_MENTION_FUNCTION(Curator_ID,M_F_P_AccessionID,M_I_F_ID,M_Publication_ID,DateOfApproval) VALUES(4,"accessionid1",3,3,CURDATE());
INSERT INTO APROVAL_MENTION_FUNCTION(Curator_ID,M_F_P_AccessionID,M_I_F_ID,M_Publication_ID,DateOfApproval) VALUES(2,"accessionid3",4,0,CURDATE());
