INSERT INTO SPECIES VALUES (9606,'Homo sapiens','Eukaryota','Metazoa','Chordata','Mammalia','Primates','Hominidae','Homo');
INSERT INTO GENE VALUES ('ENSG00000101405','OXT',898,'ACCAGTCACGGACCCTGGACCCAGCGCACCCGCACCATGGCCGGCCCCAGCCTCGCTTGCTGTCTGCTCGGCCTCCTGGCGCTGACCTCCGCCTGCTACATCCAGAACTGCCCCCTGGGAGGCAAGAGGGCCGCGCCGGACCTCGACGTGCGCAAGGTGAGTCCCCAGCCCTGGTCCCGCGGCGCTCCGGGGAGGGAGGGACCCGCAGCCACAGGGGCGCGCCCCGCTCCGGCCTCGCCTGAGAACTCCAGGAGCTGAGCGGATTTTGACGCCCCGCCCTTGACCGCGGTCGAGGCCCCCACGGCGCCCCAGCGCGTCTCAGCCCCGCTGTCCCGCCCGAACTCCGAACCCCGGACCCCAGCATCCTTGCCCGGCGCACCCCGGCCGGCCTCGCAGGGTCCTCCGAGCGAGTCCCCAGCGCCGCCCCGGCTCCCGCTCACCCCGCCCGTCCCCGCAGTGCCTCCCCTGCGGCCCCGGGGGCAAAGGCCGCTGCTTCGGGCCCAATATCTGCTGCGCGGAAGAGCTGGGCTGCTTCGTGGGCACCGCCGAAGCGCTGCGCTGCCAGGAGGAGAACTACCTGCCGTCGCCCTGCCAGTCCGGCCAGAAGGCGTGCGGGAGCGGGGGCCGCTGCGCGGTCTTGGGCCTCTGCTGCAGCCCGGGTGAGCGGGGCAAGGCGCTCCGGGGCCAGGGGGAGGCGGGCGGGGGTGCGGCCGGGATTCCCCTGACTCCACCTCTTCCTCCAGACGGCTGCCACGCCGACCCTGCCTGCGACGCGGAAGCCACCTTCTCCCAGCGCTGAAACTTGATGGCTCCGAACACCCTCGAAGCGCGCCACTCGCTTCCCCCATAGCCACCCCAGAAATGGTGAAAATAAAATAAAGCAGGTTTTTCTCCTCTA',646,252);
INSERT INTO GENE VALUES ('ENSG00000010404','IDS',44109,'AGCATTTTATCATGTTTGTTGGCGCTTGTATGTCGTCTTTTGAGAAGCGTCTGTTCATGTCCTTTGCCTGGTTTTTAATGGGGTTGTTTTTAGCTTGTTGATTTTAGTTCCTTGTAGATTCTGGATATTAGACATTTTTGGATGCATACTTTGTAAGTATTTTCTCTTGTTCTGTAGGTTGTCTGCTTACTCTGTTGACAGTTTCTTTTGCTGTGCAGAAACTCTTTAGTTTAACTAGGTCCCACTTGCCAATTTTTGTTTGTGTTGCAATTGCTTTTGAGGACTTAGTCATGAATTCTCTGCCAATGCTGATGTCCAGAATTTTCTTCTAGGATTTTTGTAGTTTTAGGTCTTACATTTAAATCTTTAATCCATCTTGAGTTAATTTTTGTATAAGGTGATAGGTAAGGGTCCAGTTTCATTCTTCTGCATATGGTTAGCCAGTTTTCCCAGAACCATTTATTGAGTAGTAATTCCTTTCATTATTGCTTATTTTTGTTGACTTTGTCGAAGACTTTGTTGTAGGTGTGCTTCATTATTCCTGGGCTCTCTATTCTGTTCTATTGGTGTGTGTGTCTGTTTTTGTACTCGTACTATGCTGTTTTGGTTACTGTAGGCTTGTAGTATCGCGTGAAGTTGGATAATGTGTTGCTTCTGGCTTTATTCTTTTTGCTTAGGATTCTTTTGGCTATTTGGACTTTTTTTTTTCTTTTGGTTCCATACAAATTTTAGGCTAGTTTTATCTAATTCTGTGAAAAATGACATTGGTATTTTGATAGGAATAATTTTGAATCTGTAGAATGTGGATATATGCATATTTTAATAATACTGATTCTTCCAATCTATGAGCATGGAATGATTTTTCATTTGTTTAAGTCATCTATAGTTTCTTTCAGCACTGTTTTGGAGTTCTCCTTGGAGAGATCTTTTACCTCCTTGGTTAGATGTGTTCCTAGGTATTTTAATTTTTTGCAGCTATTATAAATGGAATTGTGTTCGTGATTTGGCTCCCAGCTCGAACATTTTTGGTGTATAAAAATGCTACTGATTTTTATACATTGATTTTGTATGCTGAAACTTCACTGAAATCATTTTCAGTTCTAGGTGACTTTTGGCTGAGTCTTTAAGGTTTTCTAGGCATAGAATCATCTCATCAACAAAGAGAGACAATTTGACTTCTTCTTTTCCTCTTTTTTTTTTTTTTTGAGATGGAGTCTCGCTCTCTCGCCCAGGCTAGAGTGCAGTGGTGCGATCTTGGCTCACTGCAACCTCTGCCTCCCAGGTTCAAGCAATTCTCCTGCCTCAGCCTCCAGAGTAGCTGGGATTACAGGTGCCCGCCACCACGCCCAGCTGATTTTTTGTATTTTTAGTAGAGATGGGATTTCGCCATGTTGGCTGGGGTGATCACGAACTCCTGATCTCAGGTGATCCGCCCACCTCGGCCTCCCAAAGTGCTGGGATTACAGGCATGAGTCACTGCGCCTGGCCCTTCCAGCCCTTCTTTTCCTAATTAGATGCCTTTTATTTCTTTATCTTGCCTGATTGCTGGCTAGGACTACCAGTACTATGTTGAATAGGAGTGGTGAGAGTGGGCGTCCTTGTCTTGTTCCAGTTCTTAAGGGGAATGCTTTCAGCTTTTGCCCATCATGAAGAGATGTTAGATTTTTATCAAAAGTTTTTTCTGCATCTGGTGAGATGATAATGATTTTTGCTTTTACTTCTGTTTATGTGGTGAATCACAGTTATTGATTCATGTATGTGGAACCAATCTTGCATCCCAGGAATAAAGCCTACTTGATTATGCACAATTAACTTTTCGATGTGCTGCTGAATTCAGTTTGCTAGTATTTTTTTTTTGAGGATATTTGTGTCTATGTTCATCAGGGATATTGGCTTGTAGTTTTCTTTTTCTTTTTCTTTTTCTTTTCTTTTCTTTTTCTTTGAGACAGAGTCTTACTCTGTCGCCCAGGCTGGAGTGCAGTGGCGCAAGGTGCAATCTTGGTTCACTGCAACCTCTGCATCCTGGTTTCAGGTGATTATCATGCCTCAGCCTCCCAAGTAGCTGGGATTACAGGCATGAGCCATTGTGCCAGGCCTTCTTTTTTTTTCTTGTCATGACTTTGCCAGATTTTGGTATCAGGATGATGCTGGTTTTGTAGAATGAGTTAAAGAGGAGTCTCTCTCAGTTTTTTGGAATAGTTTTAGTAGGATGAATACCAGCTCTGTTTTATGGATGTCTGGTAGAATTTGGCTGTGAATCCATTTGGTCCAGGACTTTTTTTGTTGGTAGGTGTTTTTCTTTTTTGTTTGTTTGGTTTGTTTGTTTTGTGACAGGGTCTCGCTTTGTCACGCAGGCTGGAGTACAGTGGTGCAAATTCAGCTTACTGCAACCTCTGACCCACAGGCTCAAGCCATCCTCCCACTTCAGCCTCCTTAGTAGCTGGGACTACAGGTGTACACCACAACGCCTGGCTATTTTTTTTTTTTTTGTCTTTTTAGTAGAGACAGGGTCTCACTATGTTGCCCAGGCTGGTCATGAACTCCGGAGCTCAAGTTATCTGCCCGCCTCGGCCTCCCAAAGTGCTAAGATTACAGGCGTGAGTCATTGTGCCCAGTCTTGTTGGCAGGTTTTTTTGCATTGCTAATTCAATTTTAGAACTTGTTATGGTCTGTGTAGGCTTTTAATTTCTTCCTGATTTAATCTTGTGAGGTTGTGTTTTTCTAGGAATTTATCCATTTCCTCTGTTCCTAGGAATTTATCCATTTCCTCTGTTTCTAGGAATGTATCCATTTCCTCTAGATTTCCTAGTTTGTGTTCATCGAGGTGTTCTTAATAATCTCTGAACAGCTGGGCACGGTGGCTCATGCCTGTAATCCCAGCACTTTGCAACACTGAGGCAGGTGGATTGCTTGAGTTTGAGACCAGCCTGCGCAACATAGTGAGACCCTGTCTCTATTGAAAAAAAAAAAAAAAGAATAGTCTCTGAGGATCTTTTGTATTTCTGTGGGTTATAATGTCACCTTTGCTATGTCTGATTGTACTTATTTGAATCTTTTCTTTTTTTTGTTTGTTAATCTAGCTGGCAGACTATTAATCTTGTTTATCTTTTCAAATAATTAACTTTTTGTTTCATTGATTCTTTGTCTGGATTTTGAGCCTCAATTACATTTAGTTCTGTTCTGATTTTAGTTATTTCTTTCCTTCTAGCTTTGGGGTTAATTTGTTCTTGTTTTTCTAGTTCATCTAGCTGCAATATTAGATTGTTAATTTGAGATCTTTCTATTTTCTTGATGTAAGCATTTAGTGCTATAAACGTTCCTCTTAACACTGCTTTTGCTGCATCCCAAAGATTTTGGTATATTGTATCTCTGTTTTCATTTATTTAAAGTAATTTTTTTGATTTCTGCTTTAATTTTGTTTTTTACACAAAAGTCATTCAGGAGCAAGTTTGGTTTCCAGGTAATTGTGTGGTTTTGAGAGTTTCTCTTGGTGTTGATTTCTATTTTTGTTTCACTGTGGTCCAAGAACCTGCTTCATATGATTTCAGTTTTTTTGAATGTATTGGGACTTGCTTTATGGCTGATCACGTGATCAATCTTAGAGTATGTACAGATGAAAAAAATAGATATTCTATGGTTGTTGGATAGAGTATTCTGTAGATGTCTATTAGATCCAATTGTTTGTGTCAAATTTCAGTCCAGAATTTCTTTGTTAGTTTTCTGCCTCAATGATCTGTCCAATGCTGTCAGTGAGGTGTTGAACTCCTCCACTATTATTGTGTAGCTGTGTAAATCTTTTTGTAGGTCCAGAAGTACTTGTTTTACGAATCTGTGTGCTCTATGTTGGGTTCATATGTATTTAGGATAGTTAAGTCTTCTTGAATTGAACCATTTATCATTATATAACGCCCTTCTTTGTCCTTTTTTTACTGTTGTTGGTTTAAAGTCTGTTTTATCTAATATTAGAATAACAACCCTGGCTGTTTTTTTGTTTTCTGTTTGTGTGATAGATCTTTCTTCATCCCTTTACTTTGAGCCTATGTAGCCCCTATTTTTTAGGATAAAACACCTAAGATAGAAGAGGCTATCTTTTTCTGGAGGTTACAAAGCTGTACTTGTGGGAGGACTGTTGGAGGGTCACACATGAAGACTTGATCTGGTTGTTTTACTGTGTATTCTCCCCCAACATGTTCCTCTTACTTTTATCCTGAATATCATGCCTCCAGCCCCCACTATGACAAAAACAAAGATTGAAGGAAACTGCTGACCTAACACCAAAAGTCTCTGATGCCTGCTCTTGAAACTGCTCCTGCAAGAGACTAGATAAGCCCGGACCTCGGGGAAGCAGGGAGAGGTGGGAGAGAAGTGACTTGGCCAGGAGAAAGAAAAGGGTCTAAAGGTTAAGGAATTTTTGGAATGGGAAGGAGAACTAGAGCTTGACATGGCATGTATTAGGGGCCAAGTGGGATAGACTCCAAGGACAAGCTTCAACACTTCTGCCTGTCCCTAGCTGTCTCCTGCCCTGTAGGCACCTGCTGTTTGGACACTTACAAGCCCACTTAAGAAAATGGTGGAGGACTCAGATATCACCCCCTGTTTGACGGATACATGGGTAAAACAGAATCGGCAGAGTACTTTACCTATGAGCGGGGAAGAGGGGTCCAAGTGTCACTGTTACACTTCCCTGTTCTTGGCTTCCTCCCACCACTTCCCACTTTAGAACCCACAGGGCCAATTCTTGTAGTCAAATGATTATTTGTTTCCATATCTTTCTGCAAAGGGTAAGGCCAGAACTTGGTTAAAGGATATATTTGCTTCATGCTGTGTCTCGCCAAACATCTCTCTTTTATCACCACAGCCTTTATGTGGCTGCAAGAAGAATTTGGCTCCTGTGTCTGAGCCTGTCCTGGGAGTTGGGAGACATGGGCTCTCAGCACAGCTCTGCTGTGGAAACTGCCTGGGAGATGTAGGCTCCCAATTTGTTGGGAGTGTGTGTGAGTATAGGTGTGTGTGTGAGTCTGTGTGGAGGTAGAGGAGGGATGGTCCCTGGGACTGAGTTTCTAGGCTTCTCTAAGTCTTTGTCAGGTTCTTTAGCAACTTGCCTCCTACCATCTCCATGAAAGGAAGTGGTCACTCTGACAGATGAGATAAAATCATCCTCATGATGGAAAGAGAGTAAATGGAAGAGGGGCTCTGCTTTGATGGAGGTGCCTGCTTTTATGCTACCCCATGACCCAAACCTGGCACCATCAGTTCAAGTCCACTGAGGGATTGCTGGCAAGGGAGCTTTAGAGATTTTGGTAAACTATGAGATTTCGTCCTATAAAGGAAAGGGGTGTGTGTGTGTGTGTGTGTGTGTGTGTGTGTGTGTGTGTGTGAGAGAGAGAGAGAGAGAGAAAGAGAAAGCTACCCAGATAAAGATAGTCAGGCTGCTGTCCTCCACAGGGGAAGCAGGGCAGGAAGCACAGACTTTGTAGTTATAAACCTGGAATTGACCCCTGGCTCCATCACTCAATGGATGTGTGACTCTGAGAAAGTCACTATACCTCTCTGAGTTATAATTACCTCATCCAGAAGATGGGTACAATATTAACCACCTACCTGCAGGAGTAATGAAACTTCTCAGTCTGTCTCCTGGGAGATGAGATTCCTGTGGGAGCGATCTGTAAACTATAAAGCACAGTATTACTAATAGTGGTGAAGATACATTTCTGTTTTCCCAGGAATGACCTTTGAATAAGCGTGTGGGGATGCTGGCCTGAGCCTCAAAGCCTGTAGATGGGAAATGGGCAGATAGTGAAAAGCCTCCAGCTTGGGGAGAAGGAAGAAGAGCCGTGAGACCATAGGTTTCCAGTCCTGAAGGTCCTACAGGATATGGCCTGTTTGGGGACTTAGATTCCATCCATGGGTTATAACCAAATATGTGTAGTGGCTCCAGGCCAATAGGGAGGCAGTGAGAGTTCTGACTTGGGTAAACTGACAGGTTTGAAAATTGAAGGCTATTTCAGTACCAGGAATCTGTAAGGCGGGAAGCCTCTTTTTTGATCTGTGTGGAAATTGATGCCTAGGGCAATACATACCCATGATCTGTTATTCACAAAACCCTAATCCATAAAGCTCTGGCAAGGCTTTTTCATAAGCCTGCTCTAAATTCTCTTGCTAGTAAAACCTAAAATGGATGATACGAAACTGTTTATAAAATACTGAATTTTCTTCATTTATCATATTTTGTATTAATATTCATACATCTCACTGCTTAAATGTCAATGTGTTGGCTAGACTCTGAGAGGTGCTACTTACTGATCTGTACACTTCATCCCCTTTCTGGATTCTGAAAATTATCTGTGCATATGTGATACTAACACCAGTAAGAGCCACCATTTGTTGAGGCCTTGCAGAGGGCTAGAGTTCCTGGATATGTGCTTTTTCTCCAGCCTTGACCTCATGAGGACGCCCTTCCCAGGACAGGTGAGACTGAGGCCCTGCCCCGGGTCAACCTGGATGGCTGGATATTCCACCCTCTGACCAAATTGCACCAAGTGGGTGAAATCTCATTTAGTTCCATCCACGGTTTTCCTTGGAGGAAATTGGCTGAACATAGGGCTAAAAAAATAGGAAGAGCCCTTGGCAAGCATGTGTGTACACCAGTCATTTCAGATAACTGAAATCTGCCCGCAAAGTCTTCTGTCGGGAAATCCTGCACTCTGTGTGGCCTCCCAGTGCAATCACACAGAGCCTGGGTCCACCCACAAAATTCTGGGGTGTCACTTGCTTTAAGAGTCCAATTTTGAAATGTGGTCATGACACCCAGTTGCTACTATCATAGCATGTTCCTCACAGGTGCCGAGTGGGAGACACAATTAATTGCAGGAGATGAAGTCACAGGATGCTGTGCGGCAGCCTTCTCAACATTACTCTGCTGGCAGCTCTCTTTGTCCCTAGGAAGTTTGTGGTTAATTTTTGGCAGGATGGAAAGATGCCTGAAAGCAGCTTTTCAAGGGAAGTCTTGCTTTTGTTTTTGTGGTCTCCGTTTTTCTCCCTGACAGGAGTCCGAATGCAGACCTTATCATGACTAGCACCTGACTTGGGTGAACATTAAGGAGGCAAGATGGCTAGGTGACACCACTTGGCCACAAAACTGAAATAGTTAGCACAGGATCTGGCTTATAGCAAGTGCATGGCCCAGGGTCTCTTCATGGTGCTTATTGTGGTCACGCGTTCTGTCGTTTCCTTCTTCACCAAATCTGTGTAGAGCACAGGGGATAAGTGAGGTGGCTTTTCACTAGCTGAAACTGGGTTTGAGTCCTGCCTTTGTCACTTACTAGCTGTGTGACCTTAGACAGCTTACGTCCACTTTCTCATCACGTAACATGAGGATGGTAGAACCCACATCTCAGCATTGTAGGGCCATAAATTTCTTTAGACAGTGGTGCTCAGGGCTTACTCACTCAGACTTGGTAGCTAACAGTAATAACTTAGAACTAATCTGGATCCTGAATTGTAAAATGTACTTTTCCCCCATGTAAAATTGGGGTTTTCTGACAGCCTATGTTCTGGAAACTCTCTTGCCTATCCACCCCTGCTCTCAGCCTTGTGACCTTCCATGTGCCCTGGTTGCCTATGAGAGCAGATCATGGTTACCCTTAAAGCACAGGGCCTAGCAGCCCAGCCCAGAGCCCTGGCCCGTGGCAGTGTTGCATAGTGATTAAGAAGCCAGGGGCTATGAGACCTTGGGCCAGCAATGACCCTCTCCAAGCCTCAGTTTGTGCATTGCTACTCTGGAGAGAAAAGTAGTGCACAGTCCCTCGGGCAGCAGTGAGGATTCAATGAGTTGAAAAGTCTGGGATGAATTTGATCCGCAAAGATGTTATCGGAAAAGAATACCAAAACAATCCTGGTGTTGGGGTCTTTTGTTTGACTTTGGACCCCACTGTGGACTGACAGTGGTATGAAGAGTGCTAATGTCATCCTCCCTCCAGCCTGCTGTTGTGAGAACTTAATCTTTTTTTATTTTTATTTTATTTTCTTTGAGACAGGGTCTCACGCGGTAACCCAGACTGGAGTGCAGTGGCATGATCTCGGCTCACTGCAACCTCTGCCTCCCAGGTTCAAGCGATTCTTCCTTCTCAGCCTCCTGAGTAGCTGGGATTACAAGCTTGCACCACCATGCCTGGCTAATTTTTGTATTTTTAGTAGAGACAGGGTTTCACCATGTTGGCCAGGCTGGTCTCAAAAGAGAACTTATTCTTTGAGCAGCTCGTTGTTGATGTTGAAAACAAGTTACACTGCATGATGGTAGCCATAGATGGGGCCCTCAGGAAAATGCTCACAAAGCCCTGGAGCCTAGCCAGATGCATCACCTCAGTGCAGGGTGAAAACCCCCACATGGCACAGGCTGTGGCTTCAGAACTGAAAATATTTCACTGGCCCTTATGCATCTCTCTGAAGTTCACTAGCCATGATACAAGCCATGTGGGGCTCAGGAGAGCCAGCAATTGCTACAGCTTTGCCTCATCTGGGCTGGAGCTGAAGCAGGCTAAGAAGGCTAGGATCTGGAACTCCACAAGCTAGTCTCTGGCCAGGCAGGCAGAACCTGCTTCACAAAGGCCCAGTTGATTGAGTACTTTCTGGAGGCTGGGAGTGGGTCCCTCTGCTGGCTGTTTGTGGGATTCACATTTCCTGATGGGGCCCAGGGAAGTTTAGCAGTGGCTCAGGGTCACAGAGGAGCTAGGGTTGAAATCAGGCCTGTCTGATTCCAGAGTTCATACTTTTTTTTTTTTTCTTTTCTTTGAGACAGAGTTTCGCTGTTGTTGCCCAGGCTGGAGTTCAGTGGTGCAATCTCGGTTCACTGCAACCTCTGCCTCCCGGGTTCAAGCGATTCTCCTGCCTCAGCCTCCTAAGTAGCTGGAATTACAGGCGCCCACCACCATGCCACGCTAATTTTTTTGTGTTTAGTAGAGACGGAGTTTCACTATGTTGGTCAGGCTGATCTTGAACTCCTGACCTCAGGTGATCCTCCTGCCTTGCCCTCCCACGCCTGCTGGGATTACAGGTGTGAGACATTGTGCCAACAGAGTTTATACTCTTTAGACTGCCCTATCATGTGACTGCTTAGCCACCATCAATCAGAAAGGTGGGAACCAGGCAGCCAGCTGGGGGCAAGCTGGTGGTTTCTGCATTGGGATACAAAGTAAGGGTTAAGACTGGGGGCCTCGAGGCTTTGCTCCTGCCCAGGATTTAACTGCAATGCTTAGGCTCCAAGATTCGATGGAAAGAAATCCCAGCTGTGGGCTCTGAGGACTTTGAAAACTATGTTTCATATGTGAATACACTTGCCCTTTAGCAAGAATCTCCGCTGATAAGCCTTCCTCCTCTGAGTGTTTTTATTGGTCCCTTAGAAAGTGTTAGAGAAATTTCCCATTTTGATAGACTTTTTAATGATGTTACAAAAATATCATTTCACATTGATTCCACAGGGGGGACATCTGCTGCTTCCCAAATGCCACATTTCTTCAAATAAAAAGCAGAAGACAGCATGCAGTACATAAGGAACTCATGTCTTGGTAAAGACAAAATTGAAATTCTTTTAATAATTAGTCTCATGTCATAGAAAAGAGGACTGATTTTCCTCACCCACCCAGCAAGGTTGCTCTTCTTGCTATACTTGTTTGGCATAAACTACTGACTTCTTGCGAGCACTGATCTTAAGAGGGCCATGGTAATGAGTCACGGTAATTTGGCATGTCTTTGAAGATCCTTCCTCCTACACTTCTGTTTGTCCCCTTGAAGGCATCCTATTTCAGGCTGTGTTTAGCTATTCCTTTTGTTGATGCGTCCACTCATGCCTGAGGTATGTCTCATAACACACCTGTGAGAGGGGACCTTGGAGGAACGTCACCAAAGGCCGAGGAGCAATGTCTTTGCAGTGTTTCCCAGTCCATCTTGTCCTCTGGCTTTTACTTCAGAAGGGACACTCCTGCCTTGCTGGCAAGAGGGGATGGGCTTTGCCTTGAATTCCAGCTGTGGGCTCCGCTTTGCAAGATATCTGCTTGTCAGAACCTGAGACTGCAGGTGTGCAGGGTCTGGTCTATATGACCACGGGACAGGTCCCAGGTATATGACTGACAGGCCTGAGGGACCAGAAGCCCTTCTCCTTACCCAAGCCCAGATGGAGAAAACTTCAACTGTGAGAGCCCTCCTTTATTCCCAAACGGCCATCATTGTTTCCCTTCCCTGTGGCTTTTTATAAAGAAATCTGGGGGAGTAAGAATAAATCGTTTCTAGATCAAAGAGAAACAGCGAAAACCAGGAGAAAAGGCGGTAGCCAATGTACCCACTCCATTCAGATGAATGCAGTCCAAACAGAAAGACAGCCAGTCATACATCACTCAGTGACAGTGCAATGCAATACTTCCAAAGATCTGATTAGGCACTTCTGTTTTTCTTATTTTAAGCTTATGCTTTACAAAGTAAGTTGTTGTTTTTCGTTTTGTTTTGTTTTAAACGAATCGCCTTTAAAGTAGTGGGGGCAAAACACCAGAGCTTAGGCAACCCCTGGTGGAGGCTTTTATAATTCCTCTACTTTTTGGCTTTGACAGCATGAGGGTTGCCTGCTCTAAGCCCTGCCTATCCATCCACCCAGAACTGAAGTGGCTGAATCATTGCCTGGCATGACAGGAAAGTCTTGGGCTTGAGGGGAGAAAAAAAAAGAAAAGAAGAGAGGGAAGACGGTGGGACGAGAACTGGAAAGAAGAGGAAGGAAGGGAAAGATTGTTCAGAGGACGATGCAAGATGTCCACAGGCAAACGGGACTGAGACTAACCTCTTCCATTGTGAGAGAATATCTCAGCTCCTAAAGTTTTTGATATAGTATGTGATGCAGGGTAGGAGCCCAGCAAATGTCAGGGCTTCTGTGATGCCCAGCCCCTTGGCTGCCCCCTCATGCTCCATGCGGCTTCACTTCTTCCTGGGAAGTAAAACAGAATCAGATTCTGGCTGTGTTGCCATTCACTTTCACTCCTCTGGAACCCCAGGGAGCCTAGGGCTGCTACTGCTGCACCTTAGTCCTCAGGGTAGCACAGACCTGGCTACGGAACTAGATGCCTATGGATGACCATCTATACTCTCCAGAGTTCAGATTGAGAGCAGAGTTCTAGCACGTTGCCTCACGCACCTTGAGATAGTCTCTTCTGGGAACAGTGCCCTCCGTGCCCAGCGCATTTGGGTAACATTCACAGCCCACGTTAGACTCCTCCTTGGAACACCATTTCACGTGCCTACAGAGCCCAGGGCCCTCCCTATGACTCTGCAGGGGAGAGAGCCCTCACTGGCATTGGGCTGAGGACAGCCTGGGACACTCCCTTTCCTCATCCAGGTAGTTCTCATCATGGTTCTCATCCCGAGCCCTTGAAACCCCACGAAGGTACTAGCCCCTGGGATACAGTAGTAAATGGACAGGGCAGAGCCTGCCCTTGAGGGGTGCCCATCCAAGGATCCCTGGATCTGGAATGAGAGACAAATCTTGAATTCTCCCCTGAATCCTCATCCTACCATTGTGTGGGACTATATACCAATTTGCCAGTGTGCATTGTCCCCTCCTCCTGGAGTTAGGCTCAAAGGCGGGGGTAGGGTAGAAGTCCAAGAGCAAGGGGACTCCCTTTGCTGTATGGTACCCTAGAAGGTCCAGAGTCCTAGAACTCCTCTCACACCAAATCCACATATCTTAGCTGCAGAAGTGTCTGGAGCAGTCCCCTGAGCTTCCTGTGACACTAAAGTGGCATGGGAAAGCAGTTGAATTTTCCCGTGCCTCCAAGGAGGTAAGAGAGGGAGGGAGAGAGAAAGAGGGAAAGAGAAAGAGGGAGAGAGGGAGAGGGAGAGGGGGAGAGAGAGAGCGAGAGGGAGAGCACGTCTCCAAAAAATGTCACATAGAAAATGGCATGGACTGTGCAGCTAGGAACCAGGTTAGAATGACGACACCACATTGGAAGACAGCATGAAGGTATGCCATCTCTGAGCGCTGGATGGGATTGTACATTGGGAGTGGATGCTGGCATGGACAGGTTGCCATTGACAACAAGCAGATTCTCTTCTCTCTTGCTCTCTCTCTCCGAATTTAAGAGTCTCACAGAATTTAGGTGATAGGCTGGGGCAAAGGAGACAATCCTAAATTGCTTGATAACAATAATTGGTAATTAGTAAGACAATCCCGAAGTAACTGGGAAAATGTGGAATTGACTAGATTAAATTTTCTGTTATCTGTTGGAGTTGAGACTCAAGATAGGGCTCTTTTGTGGTAGATGCCATTCTAGATGGCCCCCAAGTTTCCTGCCTCCTAGTGTATGTGACCCCTTGTGTATGGGTAGAATGTACTACAATCAGCCTCCTTATCCATGTGTTCCACATCTGTGGATTCAACCACCTGTTGAATTTGAAAAAGATGGGTGGTTGTCTCTGCAGTGAACATGTACAGACTTTTTTCCCTTGTCATTATTTCATAAATAATGCAGTATAATAACTATTTACATGGCACTTACATTGTATTAGGGATTATAAGTAATCTAGAGGTAATGTAAAGTATACGGGAGGATGTGTATGTATGTTATATGTAAACACTGCACCATCTTATATAAAGGACTTGAGCACCTGTGGATTGTGCTATCCACAATCCCGAGCTTTAAGTGAGAATGTAGTCCTTCACTGCAGCCTTTTGAGACCCTGAACCTAAGACCCAGCTTAGCTGTGCCTGGATTTCTGACCCACAGAAAGTAGGAGGTGACAAATGAGTAGTGTTTACAGCCACTAAGCTTGTGGTCATTTGTTACATAGCATTGATTGGCCCTTATCCCTCATTCACTGAAGACTCAGGTACCAGGCTCACAGGTGACCTTGGTACCCTGTGTCCTGTCATCATTCTGGGGGACTGCAGTGTATTCATCAGCAGCCTGTGCCACTCACAGACCCTTGACTTCTTCCTCATCTCTAACCTCTAGCAATCTCTTCCCCCCCACCTCAGCCTCCCAGCTTCAAGGCCACATCCTTGACCTTTAAATCACCAGGATCTGTTTTACCTCAGAAATCTTAAATTTCAGGGTCTCATTCTGGGACTAAAACCAGTACTCTCACACCCTTGCTGCCTCTCTATATCCTCACCCATCTCCTAGATCTTTGTTTGTCCCCAGTCCACCAGTCTTCTTAACCACTGTCAGCCACCTGAACTGCTCTCTTACTGGCTCTCTCCACTTGCTCCCACTCTTGTCCTTCTGCTGCTATGAGCCCCAGCAAAACCTCGAGCTTACACCAGAGCAAACAAACAACAAAAACAAACACACACAATTGTGCCAAGTGGCATATATAATTTTCTATCCCAGCTGAGACAATCAATCTTGTTAAATTTTGAATTGTTTATAGGTAGTGTTAGTTTTCTAGGGCTGCTGTAACAAAGTACTACAAATTACATGGCTTAGAACAACAGAAATGCATTGTCTTACAGTTTTGGAGGCCAGAAGTCTTAAATCAAGGTGCCAGCAGGACCATGCACCCCCTGAAACCTATAGAAGAAGAATGCTTCCTTGCCTCTTCCTAGCTTCTTGTGGTTTGCTGGCAATCATTGGCATCCACTGGCTTGTAGATGCATCACTTCAATCCATTGTCTTCACATGGATGTCTTCTCTCTATGTGTTTGTGTCTGTGTCCAAATTTTTTCTTTTGATAAGGACCCCAGTCATATTGGATTAGGGCCCAACCCAATTACCTCCTTTTAACTTGATTACCCTGTTAAAGACCCTGTTTCCAAATAAGATCACATTCTGAGGTACTGGGTGTTAGGACTCCAACATACAATTTTTGGGGGGAGGACACTAACACCTAAGTCAAAAAGGACCAAAAGACATACCATACAAAGCAAAGGCCCTCTGCCCTGCACCTTCCCTCTTCTGTTCTCATTTTAAATGTTTCTACTTTCATTTCTTCTAGTAGATTGTCCCTGTCTTTCTAAATACTATGCTATTTCTATATCAACTTTCTAATGTTTTCAACTTTAGACATTGCTGACTTCTTCCTATGATAGATGAGATCACTTATCCATTCCTCTTTTTATGTACATATTTTTAACCTTGGATTTTGGAAATTGATCAAACCTATACAAGATTACAGAAAATAGTATAATAAACCCCAGGTGTTCATCAATGAACTTCATTGGTTATCAACTCATGACAAATTTTGTTTCATCTCTCCCTGCCATTTTCCCTTCTCCTTTTACTATATAGATTTATTGCCATTTTTAAGTTTTCTATTGTTTACTTTTGTATCTTTAAGTAATATCCCTAAATCTGTATTTCTCTTTCTATGAACTGGGGACAGCGACTATTGATTTATTATTATTATTATTATTATTTTTTTGCGATAGGCTGGGGCAAAGGAGACAATCCTAAATTGCTAACCCTAAATTAATGTGCCTACATTTCCTGCCATCTCCCTTCCTCCTCCCAGCTTTTTGTCAACTGTTGCTGCAGGCCAGGTTCCCAAGGAAGCTGACTAAGATGTAGAGTAATGTGCAGGAAGTTTCTTAGGGAGTACTCTTAGGATCAACACCTGTAGAAGGGGAGGGGAGGGAAGAAATCAAAATTCAACAGACAGAGAAAGTGGGCAGTCTCAAAAAAGGCTTCAGTTAACCCCACAGGGAGCTCTGAAGCTGAAATGGCCTTTCAGAGATGTCCCAAGTTGGGGTAAGGGGCTGCACCTTTGTACCTTCAAGTTGAATCACTGATGTGGGCTTCCTGAGAACAGGGGTGACCTTGGCTGAGGTACCTATCTTTTTCTAAGACAATTTCTGATGAGGGCTAACGACAGCTAACAGCTCTCAAGCCAGCTAGGGAAATAAAATTTTTGGTGTTGAAGGGAGATCTGAGCAGTGCACCACAGCACCATCACAGCTGTATTTGTACCTTCCCATTGTCCATTGTTGTTTAGTCATAATTAAGTCATCTGGGCTTTGTTATAGATTGATTCTCAAAGTTGAAAATCAAACTGTGTTTGCAGTATTAGGACGGTATAATAGTATTCAGTACAGTACAGTGTAGGGCTAGGATTCCATCTCCCCACAATTGCTGCTCTCTCTGTTTGGCGCACCCTTCTTGCAGACCTCAATGCGGCTTGCTCCCTCACTTGCTTCAAAATTTTGTTCAAATGCCACTTCACTAGTGAGGCCCTGCCTGGCCACCCCATAGAAAATAACAAGCATGCCCCGCACCCACGCTTTATTTTTCTCCAGACCGGGTATGCCCACCGACACTCTCTATATTTTTTTATTGTTTTAAGCTCCACCAAAGCAGGGACATAGAGCCCCAGTGCCACCAACAGCGCCTGGTATACATATTTGCGATACTTAATAAGAATTAGTTGAAGAAATGAATAGGAAAGGGAGTCCCTTTAGATGGAGGAAGGGACTTTCTCAAAAGGCCTCATGGAAGGAGAATGGCATTGAGGCTGGCTTACAAGAAGTGTGTCTTTTATAAAAAGAAGGAAGGGCAGGGCTTCCAGGTGAAAGGCATAGCACAAGCAAAGGCAAAAAGACGGGTAACTGCTAGTTGTTAAGGGCAGTGGCTGAATCGCTATACCCCTAGCAGTTCTACACCTAGGGGCCTGCGGGCCGCTGGGTCTGCGAAGCTTGCAAGGCAACTGGCCCGCCCCCGCTCTGCGCCTGTCTCTCGGCCACGCCTATTGCTGCAGGATGACGCGCACCTCTAGAACCCGCCCCGGAGGGGAGGGACGCAGGGAAGAGTCGCACGGACGCACTCGCGCTGCGGCCAGCGCCCGGGCCTGCGGGCCCGGGCGGCGGCTGTGTTGCGCAGTCTTCATGGGTTCCCGACGAGGAGGTCTCTGTGGCTGCGGCGGCGGCTGCTAACTGCGCCACCTGCTGCAGCCTGTCCCCGCCGCTCTGAAGCGGCCGCGTCGAAGCCGAAATGCCGCCACCCCGGACCGGCCGAGGCCTTCTCTGGCTGGGTCTGGTTCTGAGCTCCGTCTGCGTCGCCCTCGGATCCGAAACGCAGGCCAACTCGACCACAGGTGCCGCCCACGCCCTCCCTGCCATCTCTTCTCCCTTCCTCCCTCCCTTCCTTCCTCCTTCCTTCTTTCCTTCCTTCTTTGTTTATATCCATTCTTTTTACCCTTCCTCTCTCCTACCATTCCTTCTTTCATCCATCATTCGTTCCCTCCCTCCATTTTTCACTCCTTCCTACCGTCCCTTCATCCCTCCCTTCCCTCTTTCCATCTATTCATCCATCCATCTCCTATCCCTCCGTGCTTCCCTTCCTCTTTCCCCCCATCTTTCCCATCTCTATCCATCCATCTTTCCCCCTCCTTTCCTCCCTCCATTGGTCCATCCGTCCCTTTTACCTTCTATCCATTCATATTTCTCTCTCTTCTCCCCTCCTTCTCTCCATCCTTTCTTCCCTTCAGCTATTCATCTTTTCCTCCTTATCTTCCTCCATCCAACCATCTGTCCTTTCCTGCATACATCATTCTCTTTTTTTCCTAAATTCATCTTTCCTTTCCACCATCTTTCACTCACTATCTCGCTTCCTCACCCAGGTTGGAGGCCATGACCAAAGCCTAACCCTGCCACCCAGGACTCAGGCTTCCTCCTCGAGCCCCACTCCCACCCTTGCTGAGGCACAGCGCCCTCCCTGGCTAGGCTGTTAAGGTGCAGGGTCCAGCCTTGGGCCTCTTAGTAACCTAGCACCTACCATGAGGGAGGGTTCAGTGTCAGTGCAGGTTACCTCACCAAAGCCCCTCCCTCCTGTGTAGATGCTCTGAACGTTCTTCTCATCATCGTGGATGACCTGCGCCCCTCCCTGGGCTGTTATGGGGATAAGCTGGTGAGGTCCCCAAATATTGACCAACTGGCATCCCACAGCCTCCTCTTCCAGAATGCCTTTGCGCAGGTATGTCTGGGAACCTCTAGCTGTGGGTGTGTGCTGCTTCGTGCACTGAGGGTTGGGGGCGGGGAGCTTCAGCTATTGTCAGATGGCACAGATTGTGCGGGACATCTTGTTAGAGGGAAGCATAGTCTGGAAAATGGTAGTGGAGAAAATCTGGTTTTCCACTCATGGGAAAGCTTGACCTTCAAGGGTGGCCTTCTCCTTGGGTGCAAGGTGCGCCCTGGCCCTGATGTGTTCATGGCAGCCCTGGCCAGCTTTCTCCCAGAACGGGCGCTTGCCTGGTGCTCAGAAGGAAGGGGTGCTGCAGAAGGGCACCCACAGGTCTGCAGGCTGGGCCTCAGGTGAGAGCTAGCCAGGGTGGCCCTGCTCCCTGAACCCCCTCATGGCTCTGCCCCCAGCAACACTGGCCGCTCTGTGTGCCTGGGGAGGCCATTGCGTAGGAGGAGATAAGCATCTGCTGGTTTCAGGGGCTGATTGCTTCCCTTTTCTCTCCCGGAAGCAGTCTGTTGCCTAGGTGACACCCAAATCCCAGTGTCTGGTTTGAGCTCTGCATGACTCAGCTACCAAGCTGTTTGCTAGGAGCCTCGGGAGGGCGGTTGCTTGGTTACCTAAGAGATGGCAGACATGTTTTGCTGTGGCGATGCTTACCTCTGCTTCTGCTCCCTAACAGCAAGCAGTGTGCGCCCCGAGCCGCGTTTCTTTCCTCACTGGCAGGAGACCTGACACCACCCGCCTGTACGACTTCAACTCCTACTGGAGGGTGCACGCTGGAAACTTCTCCACCATCCCCCAGTACTTCAAGGAGAATGGCTATGTGACCATGTCGGTGGGAAAAGTCTTTCACCCTGGTACTGCTCCATGTCCAGAGTCTGGGTTCTCTTGGTTTGTGGTGTCTGAATCCAGCATTCCCATCCTGGGGATGGGGCTGTCTTTGCAGAGCCCTCTTCTGGCTGGGCGAGTCCCTCGCTAGTCAGTGCTTCCTTTCTAAAAAACTGACTTGTCAACCCAGCCACGTTTTCACCCAAAGTGAAAAAGGGTAGAAAGAGCTTTGCTTCCTTTCAGAAACCACTGAGGGTGTGCTGTTGGGTCTTTCAGCTCCTCGGGTGGTAGGGAGGACACAGGCTGGGGAGGTGGCAGTGTTGGGTGGAGTCCAGCTCAGGGCCCCACCCTCTCCCCTGCAGGGTACCTGTCAGTAAACCTAGGGGTGGGGTGAGGACACCTGAGGGCCTCCCGTGTGGCCAGCATTGCTGTTGCTGACTTATTGCCCAATGAGGGGGCTGTGCTTAGGTAGGGGCTGCTATCCACTCTGGAAATTAAGTCAGAAAGATGAGTGTAATCTGGTACCCAGGATCTATAGGGTCCCAGAGACGGACATTCCTTACCTCAAATGCTGCCTGATAAACTGGCTCTCTTTAATGCCAATATGGGGATAGTGAAAAGCAAACAAACTTTAAAACTTTTTATTTATAGAAGTAATGCATGAGTATTTGAGAAAAAAAATGGAGAAAAAAGTATTGGAAGACAAGAGCACCATAGGGACAATAATGCTTATCATTTGGGAATGACGAATGTTTTCAGTCTCTTTCCCTTTGCTCAGTGGTTACACCGGCAGGCTTGGCAGCCTTCTGCAGGAGCTCAGCTGGCCAGCCCAGGTTGAGAGTGACATTCAGCTCTACTAAGTCAGGCCAGTTTCAGAGGTGAACCTGTCAGGAATCATATTGCACAGCCAAAAGTCCAGTGTCAGGAGAACTTTCTGCAGTTTGGTGTTCTCATTACCATACCCCTTGCCCAAATGCAGCTGGAGGGAAGTGATGATTTTGGAGAGAGGAGGAAACACAGCAGAGGGAGGAGATTGTGCTTTGGGAGGGGAAACCAGGCAAGGACTGAGTGATGTTGCTTGACCTCCTCCCTCCTGATGATTGGATTTTGGCACCAGGCTCTAAGCACCATGTCCTTCTCAGAGAATAAACCTTTCCCTGCAGCCCTTGTGGGAACACATTTTTCAGCTGAATCTTTGTTCTCAAGACCTTTTTCTGTTAGCATTGGGCCTGCTTCAAGATGACAGTAGCCACCACTGTGTGCCAGGTATGTACCGTTTACCATGCTGGCCACTCCTTTAATCCTCCCAACAGCAAGCAAGGTGGGTTTTTATCATCATCATCATTTCCCAAGGAAGACATGAAGGCTCATGGGAGTCAAGTAGCTTGCCAGAGGTTGCAAGGATGCTAAGAGGCAGCATCAGGATTTGGACCTGTGGTTGTTGGCTTCCTGTGTGCTCTTTCCACAGTGCTTGCTGTCTTCATAGGCCCTCCACCCGCTGCCCTCTTTCTCTCCATTCCTGTCTCTTCTGGTACTCCCTATGGGAGTCCCACTGTGTGACTGCTGCTGATGCTTTCTCACGAGGTTCTGCCTGTGATCCCCTCCACTCCCAGCTAACCACTATAGGCAGCACTTCCCTTCAGATCCCTCACAGGCCTCACTGGCTCCTAGAAGTCCTCCCTGCCAGTCCTCACCTGACTCACAATAACCTCTGTGCTTGGAGGATCCCCCACTTGGCACTTCGATGCTTTTGAAAGCTGGAAGTCCTTCCTTGGTTTCCAGTGCTGTTATACTGTCTTCACAAATAAACTATAAACTACTAAGCTTAAGGGTGGGTTTCTGCTTCATGAATGAGCACTTGAACTTGGAATTCTAAAACAAGGTTTTGAGTCCTGGCTCCCTTATCTAATATCTGGTTAGCATAGGTAAGTCACATACCTTCCCTGAGCCTCCCTCTCCTGCCCCCATCGGCTCCCTGATGGTGCTGATGCCTCTGCTGCCTCCTTCATAGGGTGAGAGATAGGTTTCAGCATGGGCTCTAAGGAGCTGACTGATCTTGTCCTTGTGGGTCCCTTCCACAGAGCCTAGCACAAATCATCAGGGCTTAGGGACCAGGAAGTCAGATGCTTAGTTCTCAAATAGAAACTAGAGAGTTTGGCTTTAGAGGGGACCTTTTGTAGATGAGGAAACTGAGCCCCAAAGAAGGGAGGTTCCACTTGCCCATTTGTTTACAGAGTTTTAATTATGGGGAGTGGGGTGTTGAAAGACTCATCATGTTTTAACAACCTTTTTTTTTTTCCAAGGGATATCTTCTAACCATACCGATGATTCTCCGTATAGCTGGTCTTTTCCACCTTATCATCCTTCCTCTGAGAAGTATGAAAACACTAAGGTAAGGCTGTGAAAGGGACATTTCTGAAGAGGAACCACTTTTTCCTTTGTCACATAAACTACTGGGTATACTGCATGTTCTGTGAAGCTGGTTATATACCACGAAGTTGTGGGTTTCATTTGTGATAATGTTTTGACAGAAGTAAGTGTTGGGATCTTCAGCATTAGGCCCGACAGGAGCAGTGGCTTCATTCTAGAAGCTGGTGGGTGCTACTTGTTCTAAAACCTTGGGCTCTAACGTGTCAGACTCATTGAATAGCTCCCCAGTGCTCACGCTGGATGAGACTGAGAGTTGTAGGAGATGCTGAGACATGGGAGGGAGAAAAGAGGCTGAGCTCCAGGAGCCTCAGCCCAGAATGGGAGAAAGGCATGCCGTGTATCTGTCTCTGACCTAATGTGTATGTTCAGCAGCTGAGACCTCTGATAGGGGTTTTGAATTTTTAGAGCATTATGAAAAAAAGTAACCTACAAAGAAAATCTTGGTTTAGAGGAATCCCAAATGTATAAATGAAACTAAAACCCACATTTAAGAAACTCAGAAAACCAGCTAGGGAACTGAGACATGAAATGTATCTCTGAGGTTTTAGTAAACATCGTGTTGGGAAGGGTGAGGATTTGGAAGTGAGGTGGAAGGTATTGTTCTAAGTTCTTGACAGCTTTCCATTTCAGAATACAGTGAAAACTGTGAGCTCTGGCCTTTGGCTTGTGGCTTGAATAGGGAAGATCCCATCTTAATTCCCTGAAGCCATCTTGCTTCTTTTTAGTGGCCTCACTTACGAATGCCAGGTCCCTGCCCTAACTGCCCCCTACCCATTTCTTCTCAAAGTGGTGGGTCTGACAATACTAAATCTCCCTCGAGTGCTGCAAATCGTGTATATATAGATGATGAACAAGTGGTCTGAGGCGGGTGCTGGGCTGTCCTGCCCAAGGGTGGGGTGAGCAAGGCAGGGCTGTGAAAAGGCAACACTCTTTGAGATGGAACAGCAGCTGACACAGCCCCTCGGTCTTTGTGGTATACAAATCATGGTCAGAACTAACTTTGGTCTCACGGCCAGCATGTCTACTTTAGGAAGCAAAGCAGGAGGTTTCATTCTGTGCCTAGTGTAGCTGAAGTTCTGGAAATTCCATGGACTGTCACCTTATCAAGTTGATTGGGACCCTGTCACTTACAAGCCTTAGCCTGTCTTTGAAATTTGAAATGGGTTTTTTTTTTCTTTTTAAATTTTTAATTAAAATAGAGTTCATATACCATAAAACTCTCCCTTTTGAAGTATATAATTTAATGGTTTTTAGCATACTCACGGAGCTATGCAGCCATCACCCAAATCGATCTTAGATCATTTTTATCGCTCTCAAAAGAAACCCTGTACCCATTACCAGTCGTTCCTCATTTTGTCTCAGCACCCAGCGTGGGACAACAACTGAACTATTTTTGGTCTCCATGGATTTGCCTATTTTGTCCATTTGGTATAAATAGAGTCATACACTATGTAGCCATTTGTTTCTGGCTTCTTTCACTTAGAATAATGTTTTTGAGGTTCAGCCACATAACAGTATAAATTGGTACTTCATTCCTTTTTTTTTTTTTTTTTGAGATGGAGTTTCACTCTTGTCACCCAGGCTGGAGTGCAATGGCGCAATCTCAGCTCACTGTAGCCTCCACCTCCCAGGTTCAAGCGATGATTCTCCTGCCTCAGCCTTCCGAGTAGCTGGGATTACAGGTGCCCACCACCACACCCAGCTAATGTTTGTATTTTTAGTAGAGACGGGGTTTCACCATGTTGGTCAGGCTGGTCTCGAACTCCTTACCTCAGGCAATCCACTCATCTCCCAGAGTGCTGGGATTAGAGGTGTGAGCCACCGCACCCAGCCTTTCATTCCTTTTTATGGCTGCATAATTGTCTATTGTACCACATTTTGTTTATCAGTTCATCACTTGATGGATATTTGGGTTGTTTCTACTTTTGACTATTAGGAATAATGCTGCCCTCGACATTTTTGTACAAGTGTTTTTATGGGCATATGTTTTTAATTTTTTTGGGTATAATAACTATGTTTAACTGTTTGAGGAATTGCCAGACTGGCTTTCAAAGTGGCTGCACTATTTTACATTCCCACCAGCAATGTGAGAGGGTTCTAATTTTTCTGCATCCTCGTCAACACTTGTTATTTTCCATCTTAAAAAATTATAACCATCCTTTTGGGTGTGAAGTGGTTTTGATTTGCATTTCCCTAATGACTAATGATGTTAGCCACATTTCCATGTTCAATTGGCCATTTGTATATCATCTTTGGAGAAATGTCTATCCAAATCCTTTGCCCATTTTTAATTGGCATTTTTTAATTGTTGAATTAGAGATGGATTTTTTTTTATAATTAGTCTATCGGGGTTTCTTTTAATTAGTTATGATCTGGAGAAAGAGTATTAGTAGCAAGAAACCAAGTGCTAGTGGATTTCTGGCCCCTGCCTGGAAAACAAGAAACACCTTTTCTGTCTTAGTTCTACTTCTGATGTCTCTGTTCAGTCTGAGTGACTAACACGTGAAGGGCTGATTATGTGAACATTAAATCTGTGTGTGTAGCCTTCATGGCTTCATTTCTTGCACTTAAAAAGCTGATGTTATATTATTTTGTTTTGAAAGACATGTCGAGGGCCAGATGGAGAACTCCATGCCAACCTGCTTTGCCCTGTGGATGTGCTGGATGTTCCCGAGGGCACCTTGCCTGACAAACAGAGCACTGAGCAAGCCATACAGTTGTTGGAAAAGATGAAAACGTCAGCCAGTCCTTTCTTCCTGGCCGTTGGGTATCATAAGCCACACATCCCCTTCAGATACCCCAAGGTGAAGAGCTGGTTGAGGGCTGATCCAGCACAGCTGTGACAGCTGTGTTGTTTGTTGAGGGAGGGATTTGCACAGGGAAGGTGGCTACATCCTGCCATCGCCAGGCACCATGGTTGCCTGATGGGCACTAGTGTCCTCAGTGGAGTAAAGATGGGATTTAGAGGTCAAGGCCAAGAACATGTAAGAATCTTGTAAGAAATGCTTGGCTTTCCGCTTCACTCCACTGGAGGGTTTGATTTCCTTTCCTTGAACTTATTGAGCAGATGTTGGGTTGGATGGTGAGATCACCACAGAGTAGTGAATCAGAGCTGGCTGCCAAAGCCTGTAATAAGGGATGGCCCTTCCAAAACAGCCCCAGGGAATGTGAAACTCTCTTCAAAAACTGCCTGTTCCCCCTGAGCCTGTCAGGTTAGATCATCTAAACACAAAGCACTGCATTGCTTCTTGGAACCTCAAATCCTGTACTTGCTTGTATGTCATTTAGAGCATGTAGTCTTTTCTGTTTTAGAATCCTTTTCCATTTTTCCCTATCATGTTTTATGAGGGCCTGAGCATCCCATCCTTTTGACTTTGCAGAGAATGCCCCTCACATGTAATGAGAGTAGAGACCAGCAGTATGCTCTTTGATGTTGCAGGTATCTTGCTTTGATTGGCCCAGGGGATCTTGCTTTCCTAGTAGGAGCTGTCAGCCCCCTTGATAGAAGAAGGCTGTGAGGTTCACCTCTCCTGCCTCTTTGCAGAAAACAGTTAACAAAGCTGGCCTGGCTGTGATTCTTTGAAAGGCCTGCTTATAAGTCTAGCCCTTGGCTGGCATCTGGGAACTTTGATTTCTGAAGTGTTCTCACTATTCCCAGAATTGGCTTACTATGCTTAAACCGTTTAGACAAACATTATGGTTGATGATAAACCCCTGGGTTTGTTTTTTTTTTTCTGGGAGCCTGGAATTTTGATATGTTCCAGACAGATAGTACCTACCTGACCAGCCCCAAATAAAAACTGGATAATGAGGCTTTAATGAGCTTCCCTAGTTAGCAGCATTTCACATGTATTGTCACACAACTCGTTGCTGGGAGAAGTAAGTATCCTATGTGACTTCCCTGGAAGAGGACTTGAAGCTTGTGCCTAGTTTCCTCTAGACTTTGCCTCATGTGCCTTTTTTCTTTGCTGAGTGTGTTTCACTGTAATAAGTCATAGCTGTGAGTGAGACTAAATGCTGAATCCTATGAGTTCCCCTAGTGAATTGCTGAACCTGAGGGTGGTTTTGGGAACCCAACACCTCACCACACTTTTCTAGCCAGGCAGGAGGTGGGGACAGGAACAGAAGGGCGTCTGTTTGTATGAAGGAAGAGAGTTGTTGCTGCTCAGTTTGTAGGAAACAGAAGTCGTATGATTTCATTGCCATTGGCATCTCATGAGAGTAACTTAAGGCTGGACTTCCAGGTCAGGGCCGAGCACGTGGGGAATGCTAGTGAGCCACCACTCAAATGCATCCCAGGCTTAGAGAAAAGGCAGTATAGACAGTGATAGAGCCACAAGCTTGTGCTTTTGCTAAAAGAGTGACAACTTTGTGGCTTTGTGTTTTTCCCCAAGGAATTTCAGAAGTTGTATCCCTTGGAGAACATCACCCTGGCCCCCGATCCCGAGGTCCCTGATGGCCTACCCCCTGTGGCCTACAACCCCTGGATGGACATCAGGCAACGGGAAGACGTCCAAGCCTTAAACATCAGTGTGCCGTATGGTCCAATTCCTGTGGACTTTCAGGTATCAAGGACATAGTTTGGGGATGTATTGGACACTGATGACATAGTGTCGTAGGTGAAACCACTCTTCTCAGTAGACACAACTCCACCTATAATGTCTTATTAAGAGCTTTCTTTGTGTGAGTTATCAGGCAAAGTGCTGGGGTGGAGGTGTCCTATAGGTATTTAGGACACAGGCAGTGTTGCCTGGATCAGGACTCTCCCAACCAGTGTCTTACTTTCTAAAGAAGGGAATGTCCAGAGAGTTGGTGACTTGTTGTGTGTGGACACAGAGGTGGGGAACCAGCCTGGGTGACCGTTCCTAACCCAGGGGATACTGTTCAGGTGACAGCTCATTAATTGTAGAGTGATGGGCAACTCCCGAGCAGCCCAGAATGCTTGGTTTGCTGGTACTTGCAGGTTCCCTCTGTGGGAAAGCCCATCCTGGCTAGCTGTCACTCTCAGGGGGTGGCTTGGTGAACAGGCCCTTGGTGCAGAGGGAACTGGGACACCATCATGGCCAGTGCCACCCAGCTGTGATGTCCGGCATTCCTTTGCCATGATTTAGGGGCGGAGCAACCACACAATTAGAATCCTCACACTGACTCATCAGTCACCCTTTCTCCCTGGAGAGCAGAATACACATTGACTAATGCTCTTTCTGGAATATTCCACACAGAACCCTGCCCTTCTCTTACCACATGAATGCTGTGGCAGGCAAGCTATAGCGGATGGAAGATGGCAGTGTTTTCAAAGTGTGCATCCTGGACTACCTGCCTTAGAATTTCTGGGAGGGCTTGTTGGAAATGCAAAGTCTTGGCCCACTCAGATTTACACAATTGGAAGCTGGAGGTGGAACTTGACCTGACAACCGACATTTCTTAAAAAAAAAAAAAAAAAGCACACCAGGTGATTCTGATTCATCAGAAGTTTGAGAGCCTCTGCTGTAGAGTATTGTTTAAAGCAAACACAGAACAAAACCACTGCATACAGATATCCCTTGCTATCCAAACTTACTTGGCCCCTGAGTTTGCACAACAAGAGTTTGGTTGGTGAGAGGTGTACATTCCTCAAATGTATTTGATTCCTGTTTCACTGAGAGTTTGGAAAGCAATGCATCCATCTGTTTGTTTTCTAATTTTGTGTTTCTGGGCTCCTGATGGTGAAGTGGCTTGAACTGGCTCTGAGGCTGCACCTGGATGCTTTATTAGTGATGGTCACTTAAAATGACCCTTCAAAATGGACTGTGTGCCAGGAAGGGCGCTGATTCATGTGTGGTATCGCCTTTAGTCCTCATGGGGACTTAGTGAGGTACCTGCTCTCTGTTGTCTAGGTGAGGAAACTCAAGGCATGGGAGGTGTGCTGACTTGTCTGACAGCACAAAATTAGTGCTGGGTGGAGCCAATTCATCCCCAGGGACTGTAACTCCAAAGCCCCATGGTTGGATCTGTTGGTTCCCAGCAGTGTGGGTTCGAATTCATGTTCTACCTCATACCAGCTGCCTAACCTCTGTCAAGTCATGTTACCTCCCTGAGCCTCCCTGAGTTTTCTTCTCTATAAAACTGAAACAAGGTAGGTAAAGTTTTTCCATGATAACACCTACTTTAGAGATTTTCAGCAAGAACCAAAGAGAGCATGTAGAAGTATCTAGGACCGTGTCGGCTGCACGGAGCTATCTCCTTCAAGTTCTCTTAGTCCCCTCCTTACACACAGTGGACAGCATGACTCAGAGGGCCTCCCTGATGCCTGCATGTGCTGGTCTCAGCCCTGTGTTCCCCTTGAACTCTGGCCTGCTCACTGTCCTCTTGTAGCTTTGGATGTCCGCATCCAAGCCCATCTCACTGCACCCTTGAGACTCAGCTCTGGGATCTCTTCAGCTCCAGCCCTCTAACTCAGCTCTACATGAGCCAGTGACCTCAGGGGCCACACTCAGGAGTTTGTTGCCTGCTCCTTCCGAGTCACCATACTGACCACAACCTCTTCTCCTAGCACTTCCCTTGCTCTACCTCACGGGGATTGCTAGAGTATGGATTTCTATCTCCCCCTTGTGTCCAGGTCCTGTTGGCTTTGTTGCTTCCCTAAATAGCTAAGGCCTGGTGGCAGGTGACTTACTGTACTTCCCAGCCGCCCAGCTCACCATACTTGTCCATTTATCCTTGCCCCTCCTGCAGTACCTTTATCGTCAGACACTCCAGCCACACCCTCTGCTCTGTAGTCCAAGTCCTGAAAGCTGCTGGAGAAAATCCATGCCCCCACGAAGCAGGGAGGCCCTCAGATGCCCCGCCTCCAGCCCCAGCAGCCCAGGCAAGCTCTCTGCTCAGCTCACCTCACTTGTCCTCTGCAGCTGCTCCGTTTGCATGACCTCTTCTCTACTCCCTTTCACTGCTCCCCTCCAGGCCTTTGCCACCCCTGTGCCCCATTTCTCAGTGGATAGCACCTTTCCTCTTGTAGAAATGGAAGCTGGTGGACAGCCAGAGGTAGGGGATCGGACAGGGTGGATGTGGGTACGCATCCTGGCTGTGCCCCTTATCAGCTGTGTGACTCTGGGCAAGTTAACCTTTCTGAGTCTTGGAGTCCTTAATGTGCCGTTCACAGGATCAGATGCCACCTAGTGTGTACTTGCTGAATGGGCTCTATTAATAATCTCTGTCACTGAGACCTGGAATTTTGTGTATGCATGTTCTGGGCTCGAGGCCTCTTCCCTCAACTCCCCACCACTGTCCCTGCTTCCCACGTCTGCAAGCAGAATGAGCAAGATCTTCCTTCTCACCTACCTACCCTGCAGCCTCTCCATCCACTCTCATCCCTCCCAGCTGCAAAAGTGCCAGCCCCCTTGCCCCTGCCTGTTTCTGCTTTCCACTCCTTCACCTGACCTCCAAGGCAGAGCGAGTGCACACTGGGCTGTTCTGGCTGTGTCTGTGGCCTCATTGTCCATTTGTTCTTCACCATCCTCTACACAGGCTTCCACCTCCCCAATCCACTAAACTCTCACCTCAGCACTGACCTTGGTGGCCAGTAAAATCTATCTGTGTAGGTCCTGACCTTCCTTGAGCTCTGTGTCACTTCCTCACTGTTGGCCAGCTCCACCCCTTCTGGGACTGTTGGCCTCCCAATCCTTTCTGTGTCTGCCACTTAGGTGCCACTTCCCAGGCCCCCCACTATATCCTTTCCACCTCTTCTTCCCCTGCTGGGCTCAGTTGAGCCTTGGCAGATGACTCCAGAACTACCCCTTCAGCCCAGGTCTCTCCTGATTTTCAGATATGTGTGTTGACCTGCCTGTGAGAGCCATTCCTAGGCAGATGACCCTGGAGACCTCAGCTCCATAGGCTTCCGCGTGGTCAGGCCACCACCCCTGCCCTGCCTTTTCTCCTTCCTCCTCCTCCTCTTGCGCCCCCTGCCCCCAAATGCCAGCGAATTATGCCACCAGCTGAATGTGAAACCTGGAGTCACCCTTGGGTTCCTCAACACCTCCTCCTCCTCTGCTCCCTGCCCCCATGTCTGCTTGATGCCCCTGAATTCCTCTCACATCCACACAGTCCTCTGGATCCTTCAGCACATTGTTCTGGACCACCTCAGTGGGCCTTGCTTTGTTTTGTTCATTCAGCAAGTGTAGTGAGCACCTCTTATGTACCCAGCAGTGGCCTAGTACCATTTTGTCTAAAGCCTCTGGAATCTGTGTCTGTGTCCTGTTGCAACAGGACTCTTAATAACTTGAAGCCCAGATCATGTCAATTTCTCGCCTTGAAAGACCTCAGTGACTCCATTGGCCTAGAACTTGGAGTCTCCACTCCCTGGATAGACCCACCAGGTCCATATTATCTGGCCCGGACCTAACTTTCTAGTCACCCCTCTGCCCTCCCATTTGATTCTCCAGTCACATGGGCCTTTCATTGGCCCCAAATGCAACCTGCTCTGTCACAACTCCACACTGTTCCGTGCCCTGCAGCCCCTGCTTGGAGCATCTGAGCCCCATTTGTCTGACTGCAGGTGCTTCTTGTCAAATTCTAACTCCTCTGTGAAGCCTTCCCTGAATCTCCCAGGCAGATTTGAGGGCTTATTCCCCTGTGTCACCCCTGGGCCTCTGTGGGGGATCGGTCAGAGTGGTGGGAAAAACTATAGGGAAAGGATGCAAACCTTCTGAAAGGTCAGAAGGTTCTGCAGAGCCCCAGGGGAGAATAGCTGTTCTATAACCCTGAGGCAGAGGGCAAGGAGTAGGTACAAGGGAGTGTGGGAGAATTTATCTTAAACAGGCTTGTTTACTTATGTTGACCAGGAACTGACCTTTGATCGTCTGTGCTTGTGAGGTTCCCTGAAAGGGGAACAATAAATGTTAATTACCTGCAGGTTGGCTCTAGGTTTTTGGCATTATGCCTGCACTGAATAAAAGCCAGCAGCTCCAGCTTCTCGGGGCTGCTCTCTGGCCACTAGAGCCAGGCAGTAACCTAGCTGCTCTTATGCTGCATACCTGTGTCTGAGTACTCATTTCATCCATAGGCCAGGGTCTGCAGGACAGACCCAGCAGGCCTCACTGATAATTAAGCATTTTCTTGTCTCCATGATTGTGTCCTCACTGGATGGGGTGGCTCATCAAGGGTGAGGACCTTGTCTGCTTATTGCCTTACGTCCAGGGGCTAGCATAGGAAGGAGGGAATACCTTTGTATAGGACATAGCCATCCTGACAGGTGTCTTTCATCCCCAGGAGGACCAAAGTTCCACAGGTTTCAGACTGAAGACTTCATCTACCAGAAAGTATAAGTAGGCCAGGGCTCAGCATAATCCTGCTGGAAGGCTAGATGTATATCTTTTCTCTTGACTGCAAGTGAGAACGGGTGAGTCTCATGATTGTCCTCACCCTGGCAGTGATGAGAAGAAGCTGGTGGGTCCAGCTGATAAGTCAGGGGCTGGTCTGCGAAGACACGGCTCTCTTCTCACCCCTCTTTGGGGTGGAAGATTAATTTTTGTCCTTAGCATTTGTGAACCAGGTTGGGAATGAGAGTCAGCCCAGGAGGGGCCGGTGGCTCATTTACTTCAGGGCATGATCTGGCTGTTCCCAAAGTGCCTCTTGGGTTCAGGGACTGTGAAGGACGTGCTGCTCTCTGGTATCTCCTTTGCTCTTCTCCTGCCTGCTGACAGTTTGTTAGAAATGAGCTCCACGTAACGGCCATAGTTCATGAAGATATGCAGTTGTAATCTGCTGTTGGGTTAGCAAGTGATCAGAGGGAAAGGCTCAGTCAGGGTTGCTGTTATGTGTTAAATTATGAATTTTTTTTTCCCTGAAAAGGGCTGTTGACATCCTAACCCCCCAGTACTGCTGAATGTAACCATATTTGGAAATAGGTTTATTGCAGATGTAATTAGTTAAGATCAGGTCATATTGGAGTAAGGTGGGCTCCTAATCCAATATGATCGGTGTCCTTTAAGAAGAGGGGAGAGAGACACGGGAAGAACACATGAAGATGGAGACACAGTGATACAGCTGCAAGCTGAGGAATGCCAGGGACTGACAGCCACCACCACCAGCTAGGGAGAGGCAAGATTCTTCTACTTAGAGCCTTCAGGGAGAGAATGGCCCTCCCAGCACCTTGATCTTGGACTTCTAGCCTCCAGAGCTAGGAGACAATACATTTCAGCTTAAAACAACAGAGCAGTAGGTGACACATTCATCCACTGTGATCTGTGCCCTAAAGTGAAATCTGATTTGCTTAGAAATGTATCTTATTTGTAGACCTACAGATTTTGCTGTGACTCTGTGGGTGAAGTGATGCTGATGGTAGGGAAAGGAGTGTTACATTTTGGCTGAGAAAATCATTAAGGGCATCAACTAAGGGGTAGGGATTGGGAGAGATGCACAGGCAAGCATTATCTCTGTATGCCTTGGCAATTTAAATTGCAGTCACTCTCATTTTTATTTTTTTTCAATTTGCAGCGGAAAATCCGCCAGAGCTACTTTGCCTCTGTGTCATATTTGGATACACAGGTCGGCCGCCTCTTGAGTGCTTTGGACGATCTTCAGCTGGCCAACAGCACCATCATTGCATTTACCTCGGATCATGGTAAGCATTTTGAAATTCCCTGGTGAGTCAAAACATCTGAACTTTCCTGTGAAACATGCTTTGCAAAATTGCCATTGACATAAACATGGGTGTGTTCTCTTTTGTGAACCAGTGGTTCACAAACAAAGTGGGATCCTGGGGCATTTTTATGATCAGCTTGTTAGTCCTGAGACCTCTGTCTTAGATGCTTGACGGATAGGTGTGGGTGGGTGGGGGAGGGTCTTGCAGCAACTTTTTTTTTTTTCTTGATGAATGCAGCAGGAACCCTCCATTTGTGTGGCAGAGCTCTTGTAACCCCCATTTTTAACCTGGAGGGTTGGAGGACTTTTAGTTTGGGTGGAGAGGATCCAGAACAATCCTGGCAGAGCCCAGCAAGCTCTTCACGCCTGGCTCCAGCCCTCCCACCCCTATCCCCGCTGTCTTCTCTGCCGAGAGCCTGGGCTTTTCAAGTCTTTATCTCCCCCTAAGGCTGTTTCCTACTTTTCCAAAAATGAAACTATCTTTTTAAAAGCATTTTTTAAATTCTTCAACATTCCAAGAGCAGGGAATAAAACAGCAGCTCCCCCCGTTTCCCACTCACATAGTCTTGTTCCTCTCATCCTCACCCACTCCCCCATCTCTGAATTGTTTCGAAGCAAATCCCAGATGGTTCCATTTTCCGATCACTGTCTCTGAAAAATATTGCCTCTTTTGAAGTATAACCATAATACTGTTATACTTAGAGAAAGGAAAATAATTTTCATATCATCAAATATGAAATAGGATAATAGTAAATCATAACATGTGCTTATCATGAAAAGAAAAAAGGATACAGAGCATGTAATTCAGGGCCAGAACATCCTGCCCTTTTCTCCCACCTGCTCAGGGCTAACAGATGACAATGGATTAGGGATCCATCTGCCAGCCATCAGTTGTGCACATATGCACACAGGGATATATGTTATACATGTGTATGTTTGTAACATGTATGTCACAAGATGTGATTGCTTGTTCTGTGTGTACTGTTAACGTTCCCTGGTTTTGTACACTTAATGTCATAGGCAATCTCTGTGTCATTTCTCAGAAGCCTACCTTTTCCCTTAGAAATGTCTGTAATATTTTATTATATATGGAGGTGCCATAATTTTTCACATATTCCTGATTATCTGCCATCTGCTTCTGAGCCCTCGGTGCCCAGTTTCCTCTTCTCCACGAACACACTCTGTTGTGAGGCAGTTGCCGTAGATTACAAATAGCCCATCTCAGAGTCCCCTCCTGGGACATCCTCCATCAGAACCGCCTGGGAGCCAGTAAAACATGCTGGTTTCTGCAACTGGTCTCAGGAGCTCGCAGTTCTGGGCATGGGAAAGTGCACTTTAACAGGTGTCTCAGGTGGTCTGGCCACCTCTCCCTGAGCTCATCATTCCCTGGGCCTCCCTATGTTGCCACGTCCTCATCTTGGGCCTCTGGGGCAGGAGCCAGAAACCTCCTGAGCTGCCTGTCAAGGTCATCGGGCTTGTTCCTCCTGATCTGGAGATGGATCCTTGGGGCCCACACAGGCACGCGTTCTCCTTAGCCAGACTTCCCCGTATTTGCTCCTGGCTGCAGCAGCACAGGCTGAGGCCCGGCACCAGATGTTCAATACGATCTTGCAGTCAGGCGGTCCACAGCTATTTCTGTAGCATTTGCCATGTGTCAGACCCTGTGCCAGGCCTGGGGGCCCCCTCTGCCTGGTGCAGGGCAGCTCACAAAAGCTGGCAGAGGCCGAAGGCTGCGTGCCAGTATTCAGAATGCCACAGAGCGCCTGGCTGCTGTACCTTCAGAGCCTCCACAGGCACCCCAGTCAGAGTTCCGGGAGTGGATTCCTGAGGTCGCACTGCCAGGTTCCCTCACGTTGCCATCCTGCAGGCTTCTCGATCCTTGACCTTTTAGATTCCCGCCACACTGAATCTAAAAGGGACAATGTGACCTCTAAGCTGGTGGCCTAGGAGCCTGCCGATAACCTACCCATTCATCAGCCCTCGTGGGTCAAGGCTGCCTCGTCCTCCCCGAGAGAGTGGAGAGGTCGAGCAGTGGGGATGCCCCTCAGGCCCCGGGGCTTACTGACTGGGGCGGGTGTCAGGGGGAACTCCCTCTCTTTCTGAGCTCCACTGAGCTATCTGAAAGTCCCCACCATACTCCCCAGTACTGACAGCCAGAGGGAGGAACGGCTCACCAGAATCATTGGGCATCTCTGATGGGCATCAAGTCTGCTTTGATTATTGATGAGTGGGTAAGAGGGTCCTCTCAACTTGGGGTCTCCTTGGGAAAGCACTGTCAACTCAGAACAGGTTTCAGCCCTGTTCTGGAGACCACAGGCCCTGGAAGGCTGGGACATCATTTGCAGCCCCAGCGTCATCTATTAGACGGAGCCAGCAAGGTCTCATGCTGTGCGGTACATTTCAACACTTTCTCAAATTTACCCGTGGCAGCTTTTGGTGTGTTTGGTTATTTTTATAACACTACTCACTGTACAATTTCTGTCATGCACATTTTTTGTATCAAAAAGGGTGCTGTAACTTTAAAAGACTGGGTATTTCCAACTTGGAATATTCAAACCATCTTTTGCAAGGGATGTTTTAAATAGGCATGAAGGGTTGTTTTTAATTGAGGTTAAGGATCTGAAATGAGAGGTTTTGGTTTACCCTATCTATGGTATGTCTTAAAAATCAACGAAGATGTCCTTGTCTTTTTTGAATTTGCCGAGTGTGTTGCAGTTCCACAGCTCACTGTTAGGTGGCACATACCCCAAACTGAAAACCTGACCTCGTAGGGCATGAGTCAAAAGACAGGTAGGCACAGGACAGGGCAGTGGTGACACTACAGCTTTCAGGGTTCCCAGCCTGTCAAGAATGAGCATGTCTTAGCAGGGGAGGAACGCATGTGTGGGAACCGCCACAGAGTCCTACGTTAGGTATATGTTGCTAGTAGTTTGTTAAGATATTTGAGTTTGGGAATTTAATTATTTTTTCTTTTTTAAAGGTTTCCTCATGAGGACAAATACCTGATTTTGAATAAAGCAGCATTCAGTTGAAATAACCCTTTCTGTGGTAATTCCAAGTGAATATTTTTCTTCTAGGTGATGAGTTTCTACTTCCTCTGGTTTTTACAACAGGAAATGAAATGGTATCTAAAATAAACAAGCTGTGGTATGATGATTATTCATTTTCTGTCATTCTGTGCTTTTTATGAACTAGGGTGGGCTCTAGGTGAACATGGAGAATGGGCCAAATACAGCAATTTTGATGTTGCTACCCATGTTCCCCTGATATTCTATGTTCCTGGAAGGACGGCTTCACTTCCGGAGGCAGGCGAGAAGCTTTTCCCTTACCTCGACCCTTTTGATTCCGCCTCACAGTTGATGGAGCCAGGTATAAAATATGCTGAAATGATATTGCTTGACAGTAAGATCACCTTTAGTTTATATGTGAACCACTTTATTGAATCATAGGCTTTGGGGGTTACACAGACCCCCCCTTCCTGCCTTGTGTTGGAATTTCTTCTCAACATTTTGTGGTCAGCACACGCTTTCTGAACATCTCCCATACTCTGGGTGGGGAAAGAGTGACAGAACCAGAATTGACAAGTATGGCCCCTGTCCACAAGGAGCCTTGTGGGATGATGATGGACAAAGGAACAGGTGCATCCCCAAGATGGGGAGGGCTGTGGTACAGTCTACAAGAGCCTGCTCCAGAGCTTAGAGTAAGGGGCTGCCCCCGTAACAGACGAGGAGAATCCTTTCCCTCGATGCGCACTTTTGGTAGGGACTCAGCCTTCTTTGTGGGGGGCACATTTTCCATTTTGACAGCTCATCAATCTAGTGAACCACTAGATCTGTAAAATCTACCAGGTGATTCTACTCTGCCCTCCCCAGCAGTGAAGGGCAAGTTTACTTTGACTTCCATGTGCCAGTCCTTCAAAGCTTTGAAAACAGCACTGATGCCCCCGACCCTGTCCATCCACCAATATCTTCTCTTCTCTAGGCTGAAATCCCCAGCCCTTCAACCATTCGTCACAAGGTAGTGTTTAGACGCGTGGTTGTCCTGGTCTCTGTCTTCCAAAAAGTTTCAGTTTGAGAAAGCACTTCCAGAATACCAGTTGGACCAGATACCCCTCCTGGATGTGTGGGCAACCTGTATGGGTTCTTGTGAGTTCTATCCTGACTTGATCTGCCCAGTGCATTTCAGGGACAGGTTGTACACTGTCTCTGAAATGACGTATGACGTTTGCTCTTTTTGGAGTGCCTCTTCTATGAACTATGCTAAACCAGATTGCCCCCTTTCTGGACTTAAGCATTTAATCCATCCTTAACATCTAAATCTTGTACTGTATATTGATTCCTGTTTAAATTTGTCTTGGTTCTGGACCATCATTCGGGCCTTTCTGGATCTTTCTGAGCTTGCTTTATACTACCCAATTTTATTTTTTGCACTTTGATTTTTGTGCACTGCATGTCCTGTCTTCTTTCATGTCATTGATAGAAAGGTTAAACAGTTTCAAGGCATGATTTTAGCCCTTTGTTTGCTGGGAAAGATCTTCTGATTGGTTGAGAATCTTTTCTGAAACTTTTGTTGGGAAGTGTTCAGCAATTTAGAAATTGATGTAACTGCACGGCCTTTCAGTTTATTTCCAAATTTTATCTCTAGCTGTGTCTTTTCCCTGAACTTCAGACTTTTGTTTCCAATAGTCTTTCCCACTTAGCCAGCCTAACATATCCAAAGCTGGACTTCACATCTTTCATCTTCAGCTTTTCCTTCAACACTCTTCTTGTCCTCAAGAAATGAGAATAGTCACTCATGCCAAAAAATCATGGAATAATCTCAACCCCTGTTCTTCTCTTACTCCATATGCAATATTCAGTCTATGAGAAAGCCTGTCACACTCCATTCAGACTCTGTGTACCACTTCCCACCACTTCGCCTGCCACTGTCTTGGACCAGACTGCCACTGTCTTGTGCTGAAGTACTGCAAGAGCTTGCTAAATGGTCCCCTTGCTTGTGCCCTGGATCCCTTGGAGGTTTTCCTCCTCAGAGCAGCCACAGTGATTCCATTAAAACCCAAGTCAAGTCATGTCACAGCCCGGCACAGGAGCCTCTTATGTACCCTTCTTGATCTGAGTAAAAGTCGTCACAGTGGCCTTACATGTTCTGGCCCCATTATCTCCCTGACCTCATCTTTTTATAAGTATCCAGGCCAGTTGTCCTATAACAGTGTCCCACAGCCTGGATTTATCTGATTGCTTCCACATGACTACATTCAGGGTAACATTTTTGACACGTGTGCTACATGGGCTGTTGTATTCTCCCATTGTGTCACATGGTGGGGGCACTTCATGGCCAGCGTTACTAGTATTGTAAGTTTGAACACTCGGTTGAAGAGCTAGCTAGCATCAGCCAGATCTTGCCATTGTAAAGGTACCTTTTTCAACTTTCTTTACTTGTTTTCTTTTTATTTTACTTAAAAATTAAGTGTCTAGAAAATGAAATCAAGCATGATAAAGCACTGTCTTAAAGATCCAGAAGGGCCAGAATGGTAGTGCAAATCCAATTGCAATTTTAACAGGAATCAATATAAAGTACAGTATTTAGACTTTAAATATGGATGAACCGCAATGAAATACTACTTCATACCCACTAGGATGGCTATTAATAAAAAACAACAACAAAAGCTGTGAAAGGCTGGGCGTGGTGGCTCACGCCAGTAATCCCAGCACTTTGGGAGGCCAAGGTGGGCGGATCACGAGGTCAGGAGATCAAGACCATCCTGGCCAACAAGGAGAAACCCCATCTCTACTAAAAATACAAAAATTAGCTGGGTGTGGCGGTGCATGCCTGTAATCCCAGCTACTCAGGAGGCTGAGGCAGGAGAATCACTTGAACCTGGGAGACGGAGGTTGCAGTGAGCTGAGCCGAGATTGCGCCACTGAACTCCATCCTGGAGACAGGGCTAGACCCCGTCTAAAAAAAAAGAATGAAACAAGTGTTAAGAGTGTTAGTGATTATATGGAAAAATTGGAACACTTGTGCATTGCTGGTAAGAATGTAAAATGGTGCAGCCACTGTGGAAAAGAATTTGGTGGATCCTCAGAGTTAAACATAGAATTACTCTATGGCCCAGAAGTTCCACTCCTAGGTATATATCCACAGAGCTGAAAACAGGTATTCAATCAAAGGTTGTACATTACTGTTCATAGCAGCACTATTCACAGTAACCAGAAAGTGGAAGCAATTCAGATGTCTATTGACAGAAGAACAGACAAAATGTGGTCCGTCCATGCAATGGAATATTATTCAGTCTTAAAAAGGAAGGAAACTGACACATGCTACATCATGGATGAGCCTTGAGGACATTATGCTAAGTGAAAAAAGTCAGTCACAAAAGGACAAATACTGTATAATCCCACTCCTATGAGGTATCTAGAGTAGTCCAGTTCATAGACATAGAAAGTAGAATGGTGGTTTCCAGTTGCTGGGTGAGGATGGAGAAAGGGGAGTTGTTACTTAATGGGGACAGAGTTTCAGTTGTGTAAATTAAGAGGAGTTCTGGAGATAGATGGTGGTAATGATGGCACAACAGTATAAGTGTACTTAATTCCACTGAACTGTATACTAAAAAGTGGTTACGATGGTAAATGTCATGGTGTGTGTATTTGATCGTAATAAAATGCAAAGATAACTCTAATGCAGACATCCAGAAGGGAGTAATGTGTGGGGTGATCCTGTGGGAGTCAGAATATCCTGTTCCTCAACAGACTCTTTTACCTAGTGGTTGTAGCCTTAATTGATGATCCTTGTCTGAGTCAGTTATTAAATCGGTGGTTCCAAAATTCAGGTTGTTTTAAAAAGCGCCAACAGCCTCGTGGGGCCCTAATTTTGCATCCTGCTATTTGATTGGATGAGTAATTAATGCAGGGTGAGGTGCCGAGGTGGTGTTTCTAAACGTCTGTTGCTAAAGATAAATGTTGTAAATTAAAAAAAGAAAACATATGGAGCCCAGACAGGTTCCTTTACTGCTCCTGCCTGGCCATGGCAGGCTTTTATAATGTAACCCATTCTGCTCTGTCGCTTCCTGTTTCAGGCAGGCAATCCATGGACCTTGTGGAACTTGTGTCTCTTTTTCCCACGCTGGCTGGACTTGCAGGACTGCAGGTTCCACCTCGCTGCCCCGTTCCTTCATTTCACGTTGAGCTGTGCAGAGAAGGCAAGAACCTTCTGAAGCATTTTCGATTCCGTGACTTGGAAGAGGATCCGTACCTCCCTGGTAATCCCCGTGAACTGATTGCCTATAGCCAGTATCCCCGGCCTTCAGACATCCCTCAGTGGAATTCTGACAAGCCGAGTTTAAAAGATATAAAGATCATGGGCTATTCCATACGCACCATAGACTATAGGTATACTGTGTGGGTTGGCTTCAATCCTGATGAATTTCTAGCTAACTTTTCTGACATCCATGCAGGGGAACTGTATTTTGTGGATTCTGACCCATTGCAGGATCACAATATGTATAATGATTCCCAAGGTGGAGATCTTTTCCAGTTGTTGATGCCTTGAGTTTTGCCAACCATGGATGGCAAATGTGATGTGCTCCCTTCCAGCTGGTGAGAGGAGGAGTTAGAGCTGGTCGTTTTGTGATTACCCATAATATTGGAAGCAGCCTGAGGGCTAGTTAATCCAAACATGCATCAACAATTTGGCCTGAGAATATGTAACAGCCAAACCTTTTCGTTTAGTCTTTATTAAAATTTATAATTGGTAATTGGACCAGTTTTTTTTTTAATTTCCCTCTTTTTAAAACAGTTACGGCTTATTTACTGAATAAATACAAAGCAAACAAACTCAAGTTATGTCATACCTTTGGATACGAAGACCATACATAATAACCAAACATAACATTATACACAAAGAATACTTTCATTATTTGTGGAATTTAGTGCATTTCAAAAAGTAATCATATATCAAACTAGGCACCACACTAAGTTCCTGATTATTTTGTTTATAATTTAATAATATATCTTATGAGCCCTATATATTCAAAATATTATGTTAACATGTAATCCATGTTTCTTTTTCAAATCTAAAGTTAAAAAAAAATAGCAGAAGCCAGTGTCTTAAAGTCTATCTTTTGTTTCTAAGACCATGGGATTTCATAATCTCAAGATAAAATATGTATGAAGTAATTAATGTAGAATTTTTACACCAAATAATAAATAATGCTTAATAAACTAGAGATATGAGATGTGTAGGAAATTTGGTTAAACTTTTTTCAGATACTTTCTGGCCCAAATAATAATTTGTTAGCAAATAATATGACCCTTGAACTCAATGGCCATCTATTAAAAGACTGTTGTTCACACTGGAAAACATTTAAAGATGTGACTATATCCATGGGTGGATTGAATCACTCAAAATATATTAGTATCCTTCTTTAGGGATGGTTGGTTACAGACATGTATTTATTCAGGAGGCAGAAAATATTCCATTTTAATTGCTTATTAAAGAAAACATTAAATTCTAAATTATTTTGAGGACTGTGAAGACTTTTCATTAGTGTAATATTAGGTCATTGTCAATCTCCCAGAATGTAGTTCTATATTCTCTAAATATGAAAGTATCCAGAAAGGCCAGTGGTAGTAAAAAGCTTAGTGTATATAATCTCAAAAGGGATGGAATATTTACAACTCATATTTATAACATGTTGAATCTTCTCAGTTATCAGTAGTCATCAGAAGTGTCAATAGCTTTCTAAATAAATATTAAATATCTACTGTCCTGTAGTGAAGGAGTAATTTTTAGTAATTTTCTCTTTACAAAGTCTCCAGTGTTTCCAGGTAAATATTTGTGAAACAAAATACAGCAAACTACATTGTTACTTCAGTGTATTGTTGCCAAAAATGACAAGATATTATATTAAAATCAGTAAATTTTAGACAGATTTTAAAAATTAATTAGCCTACAATAGAGGTTATATGGTAACACGGTGATCTTCTAAGCAGTTAAGTGACTGACTGTTCTGGCAACAACGACTTCTCCGTGACTGAAGGGCCCTGTTCATTTCCTGATCCTGAAGCTCGTCTCTCTTTTGAGCCTCCGCTTGCTTTGGTCGATGGTTTCCCTCAGCTTTTTCTTTGCTGTTCTTCATCCTCGTTGTTGCTGTCATCATGTTCACTGTGGCTTTTACAATACAGCCTGTAAATTCCTTATGACATAGTTCAGTGCATTTGGCTTTATTGCCTGCTCCACAGTTCTTTACCTTTACTTGGCTTAGAGAAACTGTATCTTTGTTGCTTCATATAACCTTTCCCCAACCCCACTAAGCTGGACATAACTTATTAGTGGTCCTCCCGTCACTTTATTTGTAGAAATCTCTCTTTCACATGAGCAGGGGTTCTTTCATGTGGTTTAGCTGACAGCAGAACTAGTGATTCTAGACATTTTGCATGGCCCTCATTCAGTGGCTCACAAACATGAGGGAGCATCAGAACTACTTGAGGGGCTTGTTAAAACCCAGTGCGTTAGAAGTCGGATGCGGTGGCTCACACCTGTAATCCCAGCACTTTGGGAGGCCCAGGCAGGCGGATCACTTGAGGTTAGGAGTTCAAGACCAGCCTGGCCAACATGGTGAAACCCCGTCTCTACTAAAAATACAAAAGTTAGCCGGGTGTGGTGGTGCATGCCTGTAATCCCAGCTTCTTGGGAGGCCAAGGCACAAGAATCGCTTGAACCAGGAGACGGAGGTTTCAGTGAATGAAGATCGTGCCATTGTATTCCAGCCTCGGCAACACAGCAGGACTGTGATTTTCTTTGGAGACTCCTAGATTTTCTGTGGTTTTGAACTGAATTTGTTGGATGTTGGCAAGTGCCTCTTATGAGCTGTTTCTTTATCCTGCATTTGCCCCACAAAGACTTATCTGGAGGTGAGCAAAGTATGTTTGGTAGTGAGGTCACAAAGGCAATCAGCCCCTTCCTCCCCACTCCCATTGCCATCTTCTCAGTCCTTCTCCCTTTCTTTCCAAGTAGTTTACCCACCCCTCCTCTTTCCTCCCCTGTCCCTAAAATAATCCACGTGTCTTCCTAAAATCTCTCTTTGATCCTGTCCTTTGATAACACCGTCAGTGCCTACTACTGGGTCTAGACAGACCTCTGTTGAGCAGTCAGAGTCTTCCCTGACTCCACAATGCCCCTTTCCTTGGCTGACCAGTATGACTACTGGTCCCCACCTTTCCCTTGCCTATCCCTACCTCCCTCCTACTAGGTTGTCCCATCCCTCTCTTCACCCATTCATTCATGACCATTTTTCACTACCAAGCTCCCCCCCTCCCGAAGGAGGCTGAGGTTTTTGTGACTCTCTAGACTCTATTGTGGGATGGAATGAACATTGCTAAAGAATCTTGTGTTCGCTTTACTTTAAAAAGGTATTTTTTTCCTAATTATAAAACTGATGTGTCAGTTACGGAAAAATTAGAAATGCAGCACAAATACATGAATATTTTACCACAAAATTGCCATATAATATCTTGTCTTTTTTGGGGGTGTGAATTTTTTGCATTGTTCTGGTCATATTCTTTATCATGTAATTTATGTTCTTTTTTACTAAGTATTATGTGTGGTTATTATAGATTTTCACAAAGATATATTGCTGGTAATATATTTTATTGTGTAGTCTTATAATTTACTTAACCTTCTTTCAATTGTTAGAAATTTAGGCTATTTCCAGATTTTCAGTATTGTAAATAATGCTGTGATGACCAATTTTGTGAATAAAATGTTTTTATGTATTTCAGATTATTCCCTTAGGATAGTCTCTCAGTGCCAAGTTGTCAAAAACATCTCTATTTTGCTTATCTTCCTGCTCTCTTGCTGCCTTAGGGGGTAGTAAACTGAAACATAAAGTAAACATGCATACAAATAAAAAACATAAAACAAAAATAAGCAACCTGATGGTAATAGGTGAAAGTGGTAACCTGTTTTAACTTTGAATTCTTGCCGGGCGCGGTGGCTCACGCCTGTAATCCCAGCACTTTGGGAGGCTGAGGCGGGTGGATCACGAGGTCAGGAGTTCAAAACCAGCCTGGCCAAGATGGTGAAATCCCGTCTCTACTAAAAATACAAAAATTAGCCGGGCGTGGTGGCGGGCGCCTGTAATCCCAGCTACTTGGGAGGCTGAGGCAGAGAATTGCTTGAACCCAGGAGGCGGAGGTTGCAGTGAGCCAAGATCGCGCCACTGCACTCCAGCCTGGGTGACAGAGCGAGACTCCGTCTCAAATAAAAAACAACAAAAAACAAAAAAAACTTAAAATTCTTTGCTTGTTAGTGACCTTGATCATGGTTCTCTTTGTACGATAGTTGGGCATCTGTATTTCCACTTGTGTGAATTTGCCTTTAAATTTTGGTTATGGGTTTCACCTTTTAAAATAATCAAACATATTTATCTTTTCCTGTGTGATAGGTTTTTTTCTGTATCTTTTCCTGTTAAACACACAGACCCCTCCCCAATCTGGACATTGAATAAATATTCATTTTCCTTTGCATTGTTTGGGGTTTGGTTTTATGCTTACTGTGTCTCTCCACCCCATTATCAGAGTAATATATGCTCATTGCATAAAATCTGGAACATGTGAAAACTGGAGATGAAAAGAAGCCCAGCATTTGAGACATACCCACTGCTGACATTTGTATATTTCCTTTCATTCTTTTACCTGCCTAAAGACATATATGCAGATATGGACATATTTAGCTTTACATACATGCAGACTACCACATATAATCTATATCTTGTTTTTTTGATCTAACACAATGTTAGCTTGGTTTTTTATGTCATTGACAGTTCTTGATTAACAGCTGTAATGGCTGCACAGCCCTGCTTCATTAATTTTTTTTTTTGGACTGAAATGTATGTACCACGTTCCGCTTATCCATTCATCCACCAGTGACCACTTGGGTCATTTCTACCTTTTGGCCATTGCAATAATGTTGCTGTCAACAAGGATGTACAAATATCTGTTCGAGTCCCTGCTCTTAATTGTTTTGGGTATACACCCAACCTACATTAATCTTTAATCACTTAAGATGTTGGGGTTTGTGCTGGGAGGTAACCAAGTGACTCTGGAGCAGCCTCACCCTAGCTACAGAGGGAAACTGACTCTTCCCTCTCTGCCCAATCTTTTGCCGCCTGTCAGGTTCCCAAGCTGTCCATACCTTACTGTGTGAAGCGCTTTGGGTATAAACTCCCAAATAGAGGCTCAGCCCCTTTTCCTTTCCCAAGTCCATCCTGCAGGTTATAGCTCTTCAGAGGAATCTCTTGAATTCTGGCCTGGGATCTGGGATTAAAGTAGAACCCAGGGTGTCCCTTGGGGCCTTAGGCATAGCCCGTTGTGGTGGAACCTGCCATCAGCCCCACTGCACTCAGTGGTCCCCTGGTACTTCAGGACAGTTTCTCTCTTCTGCACATGAGAACTTCAAGCAGAGAGGACTGTCAGTTGTTGCCTTCACATCACCAATCGTTTGGCCATAATGGCCAAGAGCCCTCACTGCTCTTGGGTCTTGCCTTTCCACATGTTACTGAAAGCTCCCGTTGGTGTCCCTGTCCACTAACTCACCTGATGGGACAGATGCCACTTTCCTCTGAGTGTCTGATAAAACACAGTCTGTTGTGGGGAGCCCACGCTCAAGGGTTTTCTTTGGGATCAGAGTTTCCCGGCTATTACTCCATGCCCTGCCTGACATCACTGTCATGTATGGTGCTAATCACCAAAGGATGCCCTTGTTTGATTCTGGATTCTAGGTGATAGTCCTTATCCTCTGATGGGGGAAGAGTTTGGGTGGGAGAGAACAAACCGACAAGTTGGTTCCAGATGAGGTGGCTGGGAGCCAACCCTCAGGTACTTGGCTCTGAGTAATGTGACGGCCCAGGCAAGAGGGCTCCCACTGCCAATGAGGAACAAAAGCTCAAGGTCTAGTAGTGTATTCAGCACATGCTAGGAAACAAGAGTTGGGACGTGGACAAGGAGAGGAGCAAAGGCCAGGGGTTAACTGCTTTTGGTTTTTCCTCTATAAAAGTCAGGGACTATGATTTATATGGGTGAGAAGGTTTGGAGTAGGACTGAAGCTGCCATTTACAAACCCCTTGCCCTAATTTATTGTAGTTTTGGGTGTGTTTCTGAAAGAACCTTTTGCAGGTGATTTTTATTCAGTACTCATTAACTTACAGCTTTTATGAATTCACATCTTCTACACTATTGAAAAACATAAGTTTGTATTGTGTTAAGTGCAGCATGAGTTATTATATGAATAAATCACATTAAATTTGCCA',20001,24108);
INSERT INTO GENE VALUES ('ENSG00000180914','OXTR',19221,'AAAATAAACCCATTTGTTAAGGCTCTGGGACCAACGCTGGGCGAACCAGCTCCGCTCCGGAGGGGTCTGCGCGGCTGGCCTCGCCCGCCCCCTAGCGGACCCGTGCGATAGTGCAGCCTCAGCCCCAGCGCACAGCGCCGCATCCAGACGCTGTCCGCGCGCGCAGCCTGGGAGGCGCTCCTCGCTCGCCTCCTGTACCCATCCAGCGACCAGCCAGGCTGCGGCGAGGGGATTCCAACCGAGGCTCCAGTGAGAGACCTCAGCTTAGCATCACATTAGGTGCAGCCGGCAGGCCATCCCAACTCGGGCCGGGAGCGCACGCGTCACTGGGGCCGTCAGTCGCCGTGCAACTTCCCCGGGGGGAGTCAACTTTAGGTTCGCCTGCGGACTCGGTGCAGGTAGCTGGGTGCTAAGCAGGGGTGGACGGGATGGCTAGGGCCGGTGGAGCCATCGGGACCCGAGTGGAGGTGGTGGGGTGCCTCGCACTCCTTGTTCCTGGAGGAGCTCGGGGTGTTCCGAGAGATTGTAAAGTGACTTCTCGGGATTGAGACTCAGAGTCCTTGATTATCTGGGTCCAAAGCGCAAGTCAGGGGTTCCAGAACTTTCGAGGCTGCCGGGCTGGGGAGGAGCCCCGCGGGAGGTGTCTATGCCAGGGTCTGGGAACAGCGCTTGGGCATCTTGGGCTTTGAGGCAGGGGTTCCCCCAGCAGGGACTGCAGAACCGGGTTTCCACCGAAGCAGGTGCTGTGGAAGTTCAGGGAGTGACGGCCGACCGTCTTAGAAAAGGGGGTTAGACGGGGAAGGACCAGAGCTGGGGTTTCCCAGGCAAGTGGCTATTTGGGGATTTCCGGAGGAAGTACTTGAATTAATGTTTACTAGGAGAGGGGCTGGTTTGGGGGTCCCGCGGCAGGTGGATATGCTGAGGGTCGGAGCCTGGGGCGAGTAGGTAGTTTGGAGATTCCCTCGGGGAGGTGATTTGGTTTTAGATTCCCACTCCCGGAGGAACGTTGCTGATTTTGACCCTCCCTTCTCCCCCAGTGGAAGCCGCTGAACATCCCGAGGAACTGGCACGCTGGGGGCTCTGGGCTTGTGGCCGGTAGAGGATTCCCGCTCATTTGCAGTGGCTCAGAGGAGGTACCTCCAACGGGGATTTCTGGGGTGGCGGCTGAGCAACCCGAGGCCGGCGGTTGTGCCCTGTTGTTTCAGATGAGTTGGGTTCCTGGGAATGGGACAAGCACGCCCTACCCGCGTCGGAAGAGAAACGCGGCGGTCTCCTCACGGCCCTCCCGGTTTGTTTCAGGGTGGACCCAGCAGATCCGTCCGTGGAGTCTCCAGGAGTGGAGCCCCGGGCGCCCCTACACCCTCCGACACGCCGGATCCGGCCCAGCCGCGCCAAGCCGTAAAGGGCTCGAAGGCCGGGGCGCACCGCTGCCGCCAGGGTCATGGAGGGCGCGCTCGCAGCCAACTGGAGCGCCGAGGCAGCCAACGCCAGCGCCGCGCCGCCGGGGGCCGAGGGCAACCGCACCGCCGGACCCCCGCGGCGCAACGAGGCCCTGGCGCGCGTGGAGGTGGCGGTGCTGTGTCTCATCCTGCTCCTGGCGCTGAGCGGGAACGCGTGTGTGCTGCTGGCGCTGCGCACCACACGCCAGAAGCACTCGCGCCTCTTCTTCTTCATGAAGCACCTAAGCATCGCCGACCTGGTGGTGGCAGTGTTTCAGGTGCTGCCGCAGTTGCTGTGGGACATCACCTTCCGCTTCTACGGGCCCGACCTGCTGTGCCGCCTGGTCAAGTACTTGCAGGTGGTGGGCATGTTCGCCTCCACCTACCTGCTGCTGCTCATGTCCCTGGACCGCTGCCTGGCCATCTGCCAGCCGCTGCGCTCGCTGCGCCGCCGCACCGACCGCCTGGCAGTGCTCGCCACGTGGCTCGGCTGCCTGGTGGCCAGCGCGCCGCAGGTGCACATCTTCTCTCTGCGCGAGGTGGCTGACGGCGTCTTCGACTGCTGGGCCGTCTTCATCCAGCCCTGGGGACCCAAGGCCTACATCACATGGATCACGCTAGCTGTCTACATCGTGCCGGTCATCGTGCTCGCTGCCTGCTACGGCCTTATCAGCTTCAAGATCTGGCAGAACTTGCGGCTCAAGACCGCTGCAGCGGCGGCGGCCGAGGCGCCAGAGGGCGCGGCGGCTGGCGATGGGGGGCGCGTGGCCCTGGCGCGTGTCAGCAGCGTCAAGCTCATCTCCAAGGCCAAGATCCGCACGGTCAAGATGACTTTCATCATCGTGCTGGCCTTCATCGTGTGCTGGACGCCTTTCTTCTTCGTGCAGATGTGGAGCGTCTGGGATGCCAACGCGCCCAAGGAAGGTAGCCAGGGCTGGGAGACCCAGGAGGAGGGAGCCTGGTGGCTGGGGGAGGCCCTTATCTTGCTGCCTCAGAATGTCCAGGGGTCTGTGGACTTCCTGGGGGATAAGCGGGTTTGAAATCCCACAGAGTCACTGCTCTGTCATCCCTTGACCAAGTGACTTAGGGCAATTAACCTCCCTGAGCCTCCACTTTCTCTTCTGTAAGGTGGCAATAAGGATAAAAGTACCAACTGTCACCAGGCATAGGGGAATGCCACGAGAAAATGCAGTTAAAGTCCTTAGCACAGTCCTTGGGCTGCATATGGGCTGTATGGTTTACTGTGGTGGTGGAAACAGGTTCAAGGGACTCCATCTGCTTTCCCACGTGGTTAGGAGGAGGTGGTGGAGGTAAGTTTGGAACCCCTGGCCAAGCTCAAGCTCCTTCAACTTTAAGTTCACGTTAAGATGAACTTCCACTTTAAGTTCAAGAAATCCAGCTGAAGCCAAGAAGTCTGGTTTGGACAAGGACAGCCTTGCAGGAGTGGCAATTTGTCCAACCAAGCACCTAGTAGTTGAAGGGGGTGTTGGGGGGCAGAGGAGTCCAAGGGAGAGGTGAAGACAAATCCCTGAACTCCTCATCGAGTGGAGGTGATGAGTCTCCATGCAGAGAGGTGAGTACTGCAAGGAGTGGTGGGCAGGCTTAGGGAGGAGAGCGCCCAGGACTGAGACTTCACTTCCACTTGGAGGAAAGAGAAGAAAGCCTTGAGGGGGACATTCAAGTTTGAGGGGGAGGCTGGGTGATTTCTGTAGGTGGGGAATGTGCCTTCCAGGTAGGAGGACTGCTGAGGACAAGGCTGAAGGTGGGGCAATTGTCCATTCTTGGCCTGTGCCAGAAAGCTAAGAGGAGGGCATAGAAGAGGGCGACCTAGGGAGAAAGCTTGGAGGAACAGAGGCACCCTAGGGCTCTGGGGTTTGTGGCTGGTGCTGGGTGGCTGTCCCCAAGGCACAGAGCACCAGGCAGCTTCCTGTCACTCCCTGCCCCCCAACCCCTTTCCAGTAGCTCATTTGGAAAGACCAGGAGGGGGTGATTGCTGGTGGTGAATGATTTATAAGTTTTTGTTTGAAGGCAATCCCATAACGCGTGCTGGATGCTGGGGACTTCAAATGTTTGTAAAGAAAGACCAAAGGATTTGCTTTCACCCTTTCTGCACTCCAGACACTGCAAATGTCCCATTTCTGTGTGCAGTTACTACTGCTCCCAATAGTCTCAAATACATGCATCCTGGGAAGCCGAAATCTCAGTGCCAGCTGCTTTCATTCAGTTTGGTAACTTTGCTTTGGTCCTTTCTGAAAATCACAGACTCCAGGCTTTATGGAACCCTCCCAGTTAGCTCAGTGTTTGCTTTAGTGGCCAAGACACTGGTTATTCAATATTTACCGAACACCTGTGGCCCCTGGTAACAACTTACAGAGAGGGTTCTAGGGCCCCGAGAGGGGAAGGCACTTGCACCAGGTCACACAGCAAGTCAGAGGCACAGCTGACGTTTCCTATGCCAGGGTTCTTATGAAGGACACATGATGAGGGAGTGGGGTTGGGCAAAAGCCAGTAGTGGAAGTCTCTAAGTAAGGCCTTAGGCCTCACCTGTTTCCTGGGCAGATCTGAAGAAACCAGATCCAGGTCTTGAGGAGCTCGAACACCAACTATCAAGAAAGTGAAACCAGCACCCTTTGGAGTAGATACTGGAGAGATGTGGGGTCTAGTCCTCCTCCAGCCCTTACTAGCTTTGGGATGTTAGATGAGAGATCTCTTTATTCCCCTTGAGCCTTAGTCTTGCTTTTAGAATGAGGACATTTCAGCATTCAGTTAATTCATTCAACAGACATTCCACTCCTCTCTCCTTGGGGTCCCCTCGCCTCTCCCATTCATGTCTTGAGTCTCTGGTGATTTTTCTCCTTCCCTTTCCTCCCAGCTCCCTCCTCTATGGCTTCCTGCTTTTCAGCCCCCTCACTTGCACTCCTCTTCTCACTGTGTGTCCTCCCTAAAGAAGGAGAGTGTGTGGTCAACACGTCACACGTACCGTGAAGCGAAGTTTAGATCTTTTCTACACTTTAAAAGCACGTCAACAATTGATTTCTTTGTCTTAGAAGCAAAAGAGAGAGGAAAAAACAGACACACACAGATCCTGGCCAGAGTGGAGGTCATAGGCCTCTTGAGTGTTTGTGGTCCTCTGAGGATTTTCCTGGGGACCAGACCTTCAGTAGAGACGGGCTCCTGCTGAAGCCCAAGGGGCAGGGAAAGAAGAGGACTTTAAGAATTTCAGGTCCTACTTCCCTTTGCTTCTTTAGGAATTCACAGGGAAGGGTGGGTGTTGCATGAAAAACCCAGGGCTTCTCTTGGTCCTCCTCAGCATTCTGTCTCAGGTACTGAGAAGAATCCAAACACAGACCGGCAGGGATTCATGATGCTGCTGCAGCCGGGACCTCCCCGCTGCCCCAAGCACACAGCCAGGAGCAGGAGCCCAGTCCAGATGTGAGCACCTCATCAAACACAGAGGTGATGACGTGGACTCTGGCCACCACCAGCCTGGCCACATCATGCCTAGGCCTCGGGGATGCAGGGGTCAGAGTGGCTGTGAGCTCAGTTAGAACACCAGCCGTGTGTCCACTTGGCCTTAATTTGGATAATTGCAACTGGCAGGTGGAAATGGTGTCTGCATCACTTTGGAGATACCTCTCAATCCAGAGGCTACCAGCAAGTGTTAAGGAAGGAATAAAAGAGAACCACACTTGAGCTACTCAAGAGGTTATTATCGGAAAAGTGGAATTAATGCACAGCCCCACTTTCCTCTCCAAGAGGACAGAATTTAGATGCGGAAATATCTAGACCAGGGCCCCTTACTCCACTCATCACCTGAGGAGCCAGTACTGAAGCCTGTGGCTAACAGTGTGATGCCATCCAGGGATGCTTGCAGGTGGAGCAGGCTCACAGGGAGGCAGGAGAGGTGGGGCACACATGGGTCTGTTCCTGCTTTATCATGAAAACCCCAGGGAGGTAGGGGAGCTTAGCCAATGGCCACCCATCAAGGCTGCCAGAGTGGGTGGGGAATGTCACGCTTCTGGTGGCTGTAGATGTGGTGGCCCAGGGACCCGAAGTCCCTCTCTGCTTCAGCATTTGCTCTCTCTTTTCCATCTCTCCCTTGAGCAACTTCATTCCCTCATATGCCTTCACAAATACCAAGGGCTGCCTTTGTGGGTTTAAAGCTCACCTTGTTCCAAAAGTAATGTGCAGTGGTGGCCAAAAATTTAGGTGCCTCAACAAGATAAAATAGATATAAGGAAACTGGGATAAAGCAGGCAGTAGGGAGAAGAAAAGGAAAAAAAACTATTACAATAATAGTAATAATACTATTAATAATAATAGTCTCTCTGTGTATAGACAAGCTCTACACCTGGTTAGTTGTTATAAGAACCAAAGAGGAAAACTTTAAGTTTAAATATTTCCATGATTCCGAAGAAAGAGCCAATGGGAGCATCTGGGTAATTTGATGAGATCCATTCTTCAAAGCAGCCGGATGCCGTCGGGTGCTGACTTGGTGAGGCTGGTGAGACTGGATGCCCCATGCAGGGTTTGACAAGCCCTTTATATATCTTTCAGAATTAAATTCCAAAGCCAAAGATTCGGCACCAGCCTTTTCCCTTGAACCCAGTGGCATTTTCTATGCTGATTGCAGGGGCTCTGACCCTGGGGCAGTTCTGAGGGAGGAGATGAGGATGAGGAGGGAGTTTGGTAGAGTGGGGCTGTTTGCATTTCTAGGGTTGGTTGATGTTGATTGGGTGCGGTGGACAGGATTTGGGGTCTCTGTCTCTAGTCTTCTCCTTCCAGCCTCTCCCTGGTAAAACGCCCAGTCCAGTGTCCTTAAGCCAGTTGCTTTACCTGCTCTGAGCCTCCACCTCCTCCTCCATGTAATAAGGATAGCACGGCTCACTGCCTGGGGTTGATGTGAGGATTAAATGGTGTGACCTATGGCCCCTTCCTGATGGACAAGATGGGGATTCTTGTCTTGAGCCTGGGTGGAGGGAATGGGAGTGGACAGCAGGTGATGTGTCCGGGGAGGCTGGGAGGTGGGAGAGAAGCTTGTTAAGGCCGGAGAGGTGGACTATGAGCCCTATCACAGCAGGGACGCTGCTTGTCCTGTTCCCTACTTGTTAAGCCCAAGTCCAATGTGTGGGCTGTTTTGTGGCACAACTCCAGGGGATGCCTTTTACCCCAGGGGATGCCTGGCACAAGGCTGCACAGTCATTGATAGCTCAACCAGTGCTTGCCAAATACGTGGAAAATGGGAGCAGAGAGGTGAGTGAGACGGGGCAGGGATGGCCATGAAGAGCTGGACTCAGGAGGAATAGGGACTTTCTAAGCAGCTGTCTGAAACAGAACTGGCAACCTGGAAAAGAAAGGAGCGCCCCATCACTGGGGCAACCAAACATCTGTCAGGAGCGTTGGACTGGGAGGAAGGCTGACAGGCACAGGAGGCCTGGTTTGAACTGTTTCCCCATCTGTAGAATGAGCTTCCCAGCCCCTCCCTGTTTCTGTGGGACTGAGGATCCTCGGGCATGTCCCGTACACCTTTCCTTTCCATGAATGCTGTGCCCGAGGTGTGGGGGACCAGGCCCCTTGGAGGGGCTTTTTCTTGAGGTGACCCAGTGATGTGGAGAGCATGGTGGGCCGGCAGGAGAAGCTTGGACAGGATATTCACTCTGGGCCATGAAGAGTGCACAAGCTCGGCCCTTCTGGGTACAAATCACAATTAGATGGACAGTTAACTTCAGACACTTATATGATTAAGTAATTGTGTGTTCTTTTATGTTCTTAGCTAATGTTAATGTTTTCCCTTAGGGTTTCTGCCCTGTGGTGATTTCACTTCTTTTCCCCCCAAAGGTTTGATAAATAACAGCTAAAAAGACAAAAATCCAAAATCAAAAAACTCAAAAGCTAACCCCAAACCAGCCTCTTGGGTGAGGCCCTGCTACATCATGTTTCCATTTGATGGCTGTCTGTGTGGGTTTCGGGAGGGGTGAGGAGGGGAAGAGGGGTTGTGGAGGGCCTCGGATCAGGAGGAGATTAGCAGGTGCCCTGGCTGCATCACACTGTCTGTGGAGGCTGGGTGAGGTCTGTGGCCCCGGGCTGGCGTGTCTGGGTGTGACCTGAGGCACTGGCCCACCTGCTGACCTTACCACCTTGCCCTGGCAACTTTTGGAAGCAAAGGCAACCCCACAGGGCTCCCTCCCAGGGGCTGAAGCCGGACCCTGTACACCTGAGCCCACCTGCCAGAGCCCCCAGCCCCAGGAGACAGTAGTGGGAAGTAGCCAGTCCCCTTCTGGGACCTGGTCTTGTTGCCATCTGTGTCATTTGGGGCAATGTCTCTTGATGGCCTCTGGACCTCTGCCATTCCCATCTGAGCAATGGGGATAACGGCTCATAATGGAGCTTTGACACCCTCTCTGGACCTCAGCTTTGGTGAAGGGAGGAGTGGGATCAGTTGGTAACAGCAGCCACCACTGGCTGAGTGCCCACTGTGAGCAAGGCCTGTGCCCAGGCCATTTCTGCTCCTCACCCTAATGCAGCAAGGAAGGGGCCCATCATGGCTTTTCTACAGATGATGAAACTGAGGCTTAGAGAGGTGTGACCTGCCCACGATCACTGCTGAGTAAGTGATGGAGCTGGGATTGGAACCCAGCCATCTTACACTAGAGACTGACACACTGCATGACGACCCCAACCCCTGCCGCCCCAGGCCAGCAGTTTTCCCGATGATCTACACCTTCGACTTGGGGATCTCCTGGGCGCTTGTTAGATCGCTGGACCTGCCTCAGATCCATGGAAGCTGAACCCTCCCCCACTATCTGGCCCCAAGGTCCTGACATCTTGGGCTCTTCCTGCAACACCTACACACACACACACCGAGGTACACATCCGCTGATGGCACTGCCCTCCCAGCATTCTGGGTTCAGTGCCATGCCCCTCTCATCCTCCCTGTGTCCACCAGTTCTATAATCTCAGCTGTACCACATGCCTCAGGTTGGCACTTTGTTTCTCTTTCCATTTTCACCTTCTTGGTTTAGAGCACGATTTTTTCAACTTTGGCACTATTGACATTTTAGGCTGAACAGTCTTTGGCGTGTGTGTATGTGTGTCAGGGAGGAGCTGTTCTGTGCATGGTAGGATATTTAACAGCATTCCCGTCCTCCACGTGCTACGTGCCATTAGCAACCTCCCTGCCAGCTGTGGCCACCAAAACTGTCTCCAGACATTGCCAAAAGTTCACTAAGGGGCAAAGTCATCCCTGGTTAAGAACTGCTGGCTTAGACCCCTTGTTCTGCTTTTTAAACTAATACCTGGCAGTGAGTACTCTCTTGTTGCCCTGGTCTCTGGCCAGCCTGCCTTGTGTACCCCCAGCCAGGCCCGATGATTTGCCGCTTTCCACAAGTTCCTATGGCCTTGCTGTCTTTGCACCTTTGCTAATACTGTTCCTGCCATGGGAACGCCCACCCCAGTTTCTTCCACGGATTCCCATCCTTTGAAGCCCAAGTCCATTGTGTGGGCTGCTTTGTGGCACAACTCCAGGGGATGCCTTTTACCTCATGGTCTATGAACAGGGTGTTCCTAGGAGCTTTGCAGTGCACAGCCTGAACAGCTGAACATGGCAGCCTCATCCAGTGCCCCTTTCAGGAAACCATCCCTGTTTTCCCAGTTTGCGGGGCTTCTTCCTCTGAATGCTAAGTCATTCACTCCAAAAAACAGTTACTGATGCCTCTGCAGGCTCCTGTCCACACAACCTCTGCTTTCATCTGTCAACCCCCAAGTGAAGAGAGTTGGCAAGGGGCCCTCCCAAGCCCTCGCCCTCCTGCGGCCAGCTGCTGACATGCATAAATGTGGGACCGTGTGGTCAAGGTTGATCACAGAGTTCTGGGTACACCCACAGACCTCTGGGAGGGACACCCACAGTTTCTGCTGGGTTAGTGTCAGATGGAGCGGCAGTGCTGACTTCGGGTGTGGGGCTGAGCCTGCCCACAACTCAGGTTTCTGGGGTTCAGAATCTCAGGTTTCTGAAGTTCAGAATAGGACTTAGGTTGTATACAGGGTGGAATATCCTGCTGGTGCAAGTCAGTGTAGCTGATGGAGTGGGAGTCATTTTGGGTACAGGCCTAGCATTTTAGCAAAGGGGCTGCAGGTCCAGTTGGCGCATGGTGGCAAGTCCAAGGATGCTGGGAACAAGAGTATTGAAAGAGAAACAACTGTCTCACCTGGAGGAGGCGGGAGGCCAGTTGGAAGGTTCTAGCTCTGGTTTAGAGGTACCCTAGGCTGGGTCTTGTCTAAGGTATGGGTGGGAGAGAGGTGTAACCAGGTGGTGTCCAGTGTCCCAGCCCCAAGGCCCAAATCCTTACTCCTGATTCCTGCACTGAGGGGCAGCCTCTGCCAGTATCTCCTTTTGTGCTCAGCCGGGAGCTAAGGCTTCCTGCCCTTTAGTCAGATGCTTTGAGACTGTGGGCTTCTGCCCTCCCGGCCCATGTCTCCCACCCCAACGGCACTCTTGCACATTCTGTTTCTCTCCCTTTCTCTCCACCTGACCATATCTGAGGGCGAACTTAATTTTCCCAGAGGGAATTGCATTTGAGTCCAGTCACCTTACTGGGAGGCCATATCCTGTGGTTGAGCAGGGAAATTATTTGTAGCCCTTCCAACATACTGACAGCGGTGGCTGATTTATCAGGACCTCTTGCCTGCTAATTTCATGCTTCAGTCCAATTCAGCTCCTTATTGAACTCTTCCTATTTTCCAGTAGCTGTTAGCAGCCTAAGGACGGAGCTACCAATAAGACACAGTCCCCAGCCAAAGAGTGTCAGAAAATAATGACAATATGATGGGGTGATGCTGTTATAGAGCTATTTATTTACCAAGTACTGCAAATACCCTGAGAAGGCATTAGTTGATCTGTCTCCCTGGGAAGAAATCAGGAGGGTTTCAGAGGGGAAGTGTCATTTGAAAAGGGTTTTTGAGGGGTGAGTAGGAGCTTACTATGCAAAGAAGCAGATGCACATTCCACATTGAGATCAAGAACGGTGGACAGTTACTTTATTCATTTCTTCTTTCCTATCTATACGATTTGAGCTAGTTGGAAGGAAGCTGCTCAAACTTTAATGCGTATTTTGTTAAAATGCAGATTCTGACTCAGTAGGTCTGGGGTGGGGCCCCAAGAGTTTGCAGTTTTGACAAGGAAACAGGTGGCGCCTATCAGATGCCCTGTAGCCAGCCATTGGCTACACTTTGAGCAGCAAAGCTTTAACATATGACCTTTTACCAACACTCACTGTTTGCCTTTACACGTGTGGCCCAGATTGGATGGAGGGCCTTGTCATTCCTTGAAGGGTAGCGAAGGGCTGGTCGTTTGCAGGAAGGCCCTGGCTTGTCTTCTTCCAGAATGTGGTTATTCTCAGGCCCAGCCCAGTGAGTCCAGCACACCTACCAGATTGGAGCAGTGCTGTCAGAGAAACCCATTTTCAACTCTGTAGCCCGCCCGTTTGGCTCTTCACCCAGACCTTGCACTACACGGGGTGATCACACATCTGTGATTTTTAGGAAAATCACAGTTGTAAAACGATGGTCTTTTCTAAGAAGGCACCCTGTAGTGTATATTGAGACTCAATCTTTCTATAAGCATACATTCAAAAATCATTTTCTTAAGAAAGGGCCTTCCATAGTTTTGTTCCCAGATGCCCGCACAGTCCTGTAGGAATGAGGGACTTACATCTGAATTCCTGGTACTCTGGGGAGGCCTTGTGGCAAATGATTGGTTTCTCAAGTGCGGGCCTTTTGTGAAGTTGATGGGCTTGCTTTGACTCAGCCGATCTTGGCCACATGTCTTTGAGTCATATGAAACGTGCCGGTAGCCTCAGGAACAGCACAGCCCGGAGAGGCGGTGGCCAGCTGCCCGTCAGCTGTTCTGGGCTAATTTGGGGTTTCAGTGCTGGGGTGGAGAGAGTGCCGGGAAATCCTAACAGGGGAGTTCTTGGGGCTTGAGGAAAGCCAGGCTGGGAAGGATGGAACGTGGACCTCTGCCTCCCACCCCTCCATGAATCATGGTGCCAAGTAGAAATGCAGAGTTGATTCTCCCAGGGACAGAATTGCCCAGCAGGGGATGTTGGCGTTTGGTGTGTGGCTGTTTCTGCTCATGTCCCCCGCTTGGCACACAAGAGACTGCACTTGAAAACCACCCCTAGTCCCCAGCTCTTGTGCCCAGCAGCCCCTTCCCCAAATGCTTTACCCCCTGTTCAATATTCTGCTGGTCTTTTAAGTCTCTCTTTCTCATCCTGAGTCTGGAAATCACTTGAGGGCAGGGACTCCACTTAGATCCTCGCACCTACTCAGTGCATGGCATGGAGGGGAGGCAGAATGAAAGGATGGACGTCTGACCTCTTCCTCCTCCGAGAAATGCCGTAAGTGTGAGGCCAGCGGCCCCCGCGGAGTCCGGGTGGACAGCCTCTCCTCTGCATCCTCCCTTCCTGGCAAGGATGGGAGAGAGTAAGTTTGCAGTCTGGCACACGCTCAGGACTCGATCGTGGGGCAAGATGTGATTTTTATGGCAGGAAAGTGGGAGACACATGATTAGAACTGGCTCTTCCAGCGGAGACCCTAAGATCCTGCTCCTGCCCACAGTTGCAGCAACCTTCCCTTTTGGATTTCTAGGTCGCTGGTAGAATAAGTTTTCCAGAATGGACTGTCTAGAGTTCCTTTCTTGCCAAGTGATTCAACCTGAGGGCTCTGGGGTTTGATTTTTTTTGTTTTTTGTTTTTTTTTTTAACTTTTGAGAAGTGTTGGGAAAATGGGCTAAGGAGAATTTCTTTAATTGTTCTGGGATTGGGAGTCTTCAAACTTGGATTTTAAAGAATTGCTATAGTTGGTCATACCTCACATACATTAATATTAATATTAATACTAATATTAATACTAATGTTAATGATAATTACTTGAATAAACACTTTGCCAGTCACAAAGCCCTTTTACACGATCTTTAATTTTTTTTTCATTTTCTCAATAGCCTTATGAGTGCCGCCTCCATGCTACAGATAAGGAAACTGAGGCTCAGGCAGTAGTTCACTCAGATGTAGTTCAGAGAGTGATTAGGTGGGAGGGGGATCCAGGCCCCAGGACTTTGCATCTGGATCCTGAGTTCCTGGGTTCTCCTCCCTGCCTCTCAGCCAGTGTTTCTGTGGGCCAGGGGGCGCCCACTGTGAACAGCTTCCTTTCCTGAGGGACCCCGGAGAAGGTGCTCGCTGCATAGCAGACCTTTCTGAGTCAGGCCCATGAGGACTTGTAGGTCCTCCTCTCTGCGCTGACATCATTGTGGCTGCATTGTGTGGAAATGCGGAGGGAGGCCAGTCTCACCGGGAGCTTGGGAGTGGCCATGGCCCTTCAGAGAAGCCCGGATGAAGGCATGGGGCCTGGCCTTTGCACATTTGCACTAAGCAGTCATTGGGTGTGGTGGCAGCTCCTTTTGGCCAAAGGCAATGCCCAGAGAGGAGCTCAGCTGTGAGCATTTGGCAGGCAGCTCTTGGGCAGCTAGAGGAATGGGTACTCAGGGGGCACCACAGCATCCACAGCGTCAAAAATGGGGAATGGGCACTGCTTACTGTCAGTGGTGGACCACATTTGTTTTGGGAACAGGGAAGTTGCTCTCTGTCCCTCAAATCATAACATTAGGCAAACTGCCTAACCAGCTTCTGTCTTGGCTTTGGGACTGACAGGATTCACTAATTGGAACCAACCTGACCTGTGAGGATGCTAACCTGTTTTTAAAAGGAATCAGTCTTCATTACTTTTATGTATGAACACAGGGTGACTTGCTGTGTGCCCTTGGGGAAGTGACTCTCCTTCTCTGAGTTTTACTTTCCTCATCTATAAAATGAGGATAAGGCTACTTTGAAAACTGTACTCTCCTGGGCGGGCTCGAGCAGTGATTTTGATGGTCAGCATTGTCACATCCTCACATGGAAGTAACATTGTGAAATGTAAGGACAATATTTTCCATGCTTTTTTCTGTTCCAAGTCCTCTGTAATCCTGTGAAGCCTTTCTAGCCATCAGAAAGGGGAATGCTATGGCCTATACAAGATACAATAAGTGCAGAAAGCAGGTTGAAGTGGAATCCGTAGTCGCTCACCTGCTCAGTAACCATCAGTGGCTCCCTATTGCCCATACAGTAAAGTGGGCAGACTCTGTCTGGATTTAAGATCCTCCTGTCTGGTTCCAAACCATCTTTCCAAACTCTTCTCTTGTGAAACTCCCCTTTTCCCTTCTTGCCTCCCGGGAAGTCCCTGAGTGATCTTGGCTGTTCTCAACCATGGGCCTTTATTCCTGCTGCCTCAGCCCTTTGAAATATGCTCCATAGTCCCTGCTTTGTGTTCCAAATAGATCTCCCCCTGATGGTAGAGCTTTGAAGTGCTGTTCCTGGAAACTTAACGACTTTGGGTGACTAGGATATTGACAAATTAAGAACAGCCAAATGTGCCCTTAGTGTTAGTAACTTGACATGAGCAGGTTCAGCTTAGAGAGGGCCCTTCATCCCCTGAGGACCCACTTGAGGTCACTCGTGTCTGTGGCCACCAGGTGGGATCAGAGGCACTGGCCAGACTTCTCCCACCCAGACCAGCCTCTTGGAGGCGGAAGGATTGGTGGCTACTTAGGAATTCATTAACTATTTTCTTCTTTGTTGTTGATGTTTCTGTAGTTTTTTAAAAAATAGGATAAAAAAGTTGAAAGATCCAAAGAGTAAAGAGTGAGACCAATAGCTTAAATGAACAGATAAGATTGTGCCAAATAACTGTATCCAACTAGGCAAAACAGTGTCTTTCTGTGAACTTCATCCCTGATGCTTCCTCCTACCTCATTGCAAAGCTTTATACACCTATGTCCTTCCCTTTGTGGCTGGTAGGTTGTAAATATTGACTTTTGCACGTTGATTTTTGCCTCTTTCATTATTTCTAAGACATTCTGGTTTTAGTCTTGTGGGCGAACCTTCCCTTTGTGGCTGGTAGGTTGTAAATATTGACTTTTGCACGTTGATTTTTGCCTCTTTCATTATTTCTGAGACATTCTGTTTTTAGTCTTGTGGGTGAATTTCAATTTTGTTGGTGAAATATTCCATCAGAGTTTCTAAACTTAAATTCATCTTCTTATCCATCCAAATCAAAGCAAATTTCTTAACAAAATATTTTTTGTTAAAACCAGTGAATTTAGTAATATTGATCATTTTTCTTTCATTTTTCCTCCTTTCTATTCTTTATTATTTTAATACTAAGAGTTAAATTTCCATTCTTTGCTTTCTAAAAACTCTCTTTTGCAAGAATTTTGTTTTCTGTCTATCGTAGCTTGCTCTTGTTCCAACAGGTGCACCAATTAATTAGACTAGTGGTTCTTAACCTTGAGGGTGCATTAGAATTACAACATTCCTGAGCCCTACCTCCAGAGGGTAATTCTGGGGTGGGGCCTGAGAATGTGCATTTCCAGCAAGTTCCCATGTGATGTGTCGCTCTGGGAGGGGGGCCTACTTTGAGAGCCACTCATGTAGACTTACCAACAACCAACTGCCTTTCTTCCCTTGGTGCTTGAAGACTTCGCTGACAAACATCTCTGTTCTCTTCATCAGTGGCCACATCTAGATTTTGCACCTCTTGAGCATCCCCAGTGAAGAGTCCTTCCCTGGATTTAGCTCTGAACTCTAGAGTTATTTGTCAAAAAATTTTGCAGAGCAGACAGAAGGAAGACTAGTGGATTTTCCCAGCCTTCTTGCAGTTGCCTTCACACACAAGGAGGTGGCTGAACAGAATTCTTAGTTGTTTTCCTTGTGGGTTTCTGGAGATGTTGCCTGGCCTTGTCTGTCATCAGGAGATGTCTGGTTGTTCAGATTTAAGGCCATTGAAAGAAGGCAGATTTTTATCCCCGTGCTTGGAAGTACCTAGAATTAGGATTTTTTTCTTCCCTCTTGAAGTTTCAGTTTGTGACAAGCAATGTCTTGAAGCTGATTTCTGATCATTAACTTTGCCTGCACCTCCATGAGTCCTCAGTATAATAGCCTTTACAGAGTACTTCAGATAACTTCCATGTCACTTTCTTTTTCCTGCATGAGTCTTATTGTCATGCTGAAGCAGTGCTCTTAGGCACAGCTTCATGGAGATGCTTTCAGTTGGTCAGCCATGAAGATGTCATACAGTTTCTCGCTGCCACGCCTTTGCTGGGGCCATTCCTTCTGCCTGGAGCACATTTCTTCCCTGCTCTGCCTGGAAAAACCATAGGCATCTTTGGGAATCAGCTCACATGCCCCGTTTGTGGGGCCAGCCATGACTCTCAGAGTGGCACCCCCTTCCGGTGCCTACCTAAACCACAAGATGTCTGCATCGTGGTGTTTCTCATTTTATTTGATTTGCCCGGCACATGGTCGTGATAGCAGCCATCATTTATTGGGCACCCACTGTGTACCAGGCACTCTTTAATCCTTGCAGCAGTCCCCAGAGGTTTGGGCACTCTCCTTATGCCCATTTAAAGATTAGGAAACCGAAGCTTCTTAGGGACTTCAAGTAACTAGGCGCTGGTGAGGCTAGCATGCAAACTAGGTGTGGCAGCTTTTGGGTACTGTGCTTGCAGACACTCGAAGTTGTAGGCACTCAACATTCATTGGGTGAGTGATGCATGAAAAGGTGGCTGTGATGGATTCAGCTTCTGCTGAGGGAGGTAGGCAGTGGGAAAGCTGCTGGTGAGAGAAAGGCAGAGACAGTTCCAAGCCTGGGCTAAGCCTGGTGGGGAGGGTTTGGAGGACAGCCTGAGGGCATGTCCAGGACAAGGAGGGAGAAGGAAGACAAACTTTGCCTCTTTAGTACCTCATCTTGTGATTCAGGATGTAGTACTTGGACAAGGCTGTCGCTCAGGAAATGATGTTTAAGTCAGATAGGTCTGGAAGTGGCTCCAGTGTTAATTAATGCCCTTTTCTCCTTTCTCCTGCCCCCACCCCCTCAGCCTCGGCCTTCATCATCGTCATGCTCCTGGCCAGCCTCAACAGCTGCTGCAACCCCTGGATCTACATGCTGTTCACGGGCCACCTCTTCCACGAACTCGTGCAGCGCTTCCTGTGCTGCTCCGCCAGCTACCTGAAGGGCAGACGCCTGGGAGAGACGAGTGCCAGCAAAAAGAGCAACTCGTCCTCCTTTGTCCTGAGCCATCGCAGCTCCAGCCAGAGGAGCTGCTCCCAGCCATCCACGGCGTGACCCACCAGCCAGGGCCAGGGCTGCAGCCTGAGGCTCAGGCTGTGCTGGCATAAGTGCTCTGCTCCTAGGTGATGGCGTATGTTTGTGTATAAGGTACCTATCAGTTTGTATCCCTCCCCTCCTTGGGGTGGCTTCAGTGGGGTGGAGAGTGGCCTCCATGATGGAAGATGATAGGGGACTCAGCCATCAGACAACACCCTGGCCTCCTACACGTACTTCTACCACCCTGAACCCACTGCTGCCCTGGGCAGTGAGTGGCTTGTTTTTTCTCCTGGACTTGTAATTTCACTCCAGTATATTTTTACTTCTTCATTCTGGGATATTGTGAAAAGCGGTAAATATAGGATTGGTGACCAATTGGGTCAGGAAGTCCAGTGTTCTGGACTTGGGGTAAGCAGTGGGGTTGGGACCTCAGATGGGAAGGGTGGTGCTAAGATCCTCCTGACCTCAAAGTGTATTTGCCTTTAAGCGAACAAATGCTGGGGTCCTTGGGGACCAGCTTGTCAGAGGGTAGCCCTAAGAGAAGGGGATTACCTTGTAAGACCATCTGGCGCAGTGGACCTATTAGAACTTGGGTTAAAAATGTTTAAGAAGCTAATGTTTAAGAAGCATTTGGGAAAGAAAAAGAAATAAATGTATCCAGATAGGAAAAGAAGAAGTAAAACTATTTGCAGATGACACAGTTTTGTATATAGAAAATCCTAAGGAACTCACACACACACACACACACACACACGCACACAGCTATTAGAACTAATAAGCAAGTTCCGCAAGGTTTCAAGATACAAGATCAATATACAAAAATGAATTGTATTTCTTTATACTAGCAACAAACAATATGAAAACGAAGTTAAATAATTCCATTTATAATACCATCAGAAAGAATAAAATAGGAATCAACTTAACAAAACAAGTGCAAGACTGAAAACTACAAAATTGGAAAGAAATTAAAGAAGGCTTAAATAAATGGAAAGACATCCTGTGTTCATGGATCAGACTTAGTATTGTTAAGATGGCAATACTATCCTAACTGACATGCAGATTCAGTGCAATCCTTATGAAAATCATAGCTGGCTTCTTTACAGAAATTGATAAGCTAGTCCCAAAATTCATAAAGAAATGCAAGGGACCCAGAATATCCAAATAAGCCTTGAAAAAGAACAAAGTTGGTGGATTCACACTTCCTGATTTCATAATTTACGATAAAGGTAATCAGCTCAGTGTGTTACTGGTTTAAGGATAGACATACGGAGCAGAATAAAGAGTACAGATATGAACACTTATACTTACGGTCAATTGATTTTTGACAAGGTTCCCAAGACAATTCAATAGAGAAAGGAGAGTCTTTTCAACAAATGGCACCGAGACAATGATATGCAAGTGCAAAAGAATGAGGTTGGACCTTTACTCACACTATGTGCAAAAATCAACTCAAAACGCATCCAAGATCTAAATATAAGAGCTGAAACTATAAAATCTTAGAAAGAAACATAGGCATAGATCTTTGTAACCTTGAATTAGGCAGTGGTTTCTTAGATATGATACCAAAGACACAAGCAACCAATGGAAAAATAGGTAAATTGGACTTAATCAAGATTTGAAGCTTTTGTGATTGAAAAGACCCTATCAAGAAGGTGAAAAGATAACCTGCAGAATGGGAGAAAATATTTGCGAGTCATATATATGATAAGGGGCTTGTATCTGGAATATATAAATAACTCTTATAACACAACAATAAGGAGAAAAATAAATCAATTTAAAAAATGGGCTAACGGTTTGAATAGACATTTCTCCAAAGAAGATATGCAAATGGCTACTAAGCACATGAAAAAATACTCAACATTATTATTCATTAGGGAAATGCAAGTCAAAATCACAATGAGATTCCAGTTTACAATCACTAGGATGGCTACAATAAAAAGATGGACAAGAACGAGTGTCGGTGAGGATGTAGAGAAACTGGTAGAAATTTAAATTGTTGGTGGGAATGTAAATGGTGCACCTGCTTTGAAAAACAGTTTGGCAGTACCTCAAAAAGTTAAACGTAGAGTGACCATATGACCCAGGAATGCCACTCCTAGGTATTTACCCAAGAGAAATGAAAACGTACATACACACAAAAACTTGTACACCAATGTTCATAGCAACATTATTTGTAATAGCCAAAAAGTGGAAACAACCCAAATGTCTACCAACTGATGAATGGGAAATAAAATGTGGTCTGTCCACGCAATGGAACATTATTAGACTCTAAAAAGAAATGAAGTACTCACACATGCCACAACATGGATGAGCCTTGAAAACTTGCTAAGTGAAAGAAGCCAGGTGCAAAAGCCCACATATTGTCTGACTGCATTGAAATGCAATGTCTAAAATGGACGAATCTATATAGAGTGAATATAGATTAGCGTTTGCCAGGGCCTGGAGGCTGTGAGAGATGAGGCATGACTACTAAGGGTTTGGGGTTTCTTTTTCGGGTGATGAAAATGTTCTGAAATTAGTGGTGATTGTGCACGATTTTGAGAATGTACTAAAAACCAATGAACTTTAAAAAATAAAAATAAACAAA',9610,9611);
INSERT INTO PROTEIN_ENTRY VALUES ('P01178','MAGPSLACCLLGLLALTSACYIQNCPLGGKRAAPDLDVRKCLPCGPGGKGRCFGPNICCAEELGCFVGTAEALRCQEENYLPSPCQSGQKACGSGGRCAVLGLCCSPDGCHADPACDAEATFSQR','Oxytocin-neurophysin 1','ENSG00000101405',9606);
INSERT INTO PROTEIN_ENTRY VALUES ('P22304','MPPPRTGRGLLWLGLVLSSVCVALGSETQANSTTDALNVLLIIVDDLRPSLGCYGDKLVRSPNIDQLASHSLLFQNAFAQQAVCAPSRVSFLTGRRPDTTRLYDFNSYWRVHAGNFSTIPQYFKENGYVTMSVGKVFHPGISSNHTDDSPYSWSFPPYHPSSEKYENTKTCRGPDGELHANLLCPVDVLDVPEGTLPDKQSTEQAIQLLEKMKTSASPFFLAVGYHKPHIPFRYPKEFQKLYPLENITLAPDPEVPDGLPPVAYNPWMDIRQREDVQALNISVPYGPIPVDFQRKIRQSYFASVSYLDTQVGRLLSALDDLQLANSTIIAFTSDHGWALGEHGEWAKYSNFDVATHVPLIFYVPGRTASLPEAGEKLFPYLDPFDSASQLMEPGRQSMDLVELVSLFPTLAGLAGLQVPPRCPVPSFHVELCREGKNLLKHFRFRDLEEDPYLPGNPRELIAYSQYPRPSDIPQWNSDKPSLKDIKIMGYSIRTIDYRYTVWVGFNPDEFLANFSDIHAGELYFVDSDPLQDHNMYNDSQGGDLFQLLMP','Iduronate 2-sulfatase','ENSG00000010404',9606);
INSERT INTO PROTEIN_ENTRY VALUES ('P30559','MEGALAANWSAEAANASAAPPGAEGNRTAGPPRRNEALARVEVAVLCLILLLALSGNACVLLALRTTRQKHSRLFFFMKHLSIADLVVAVFQVLPQLLWDITFRFYGPDLLCRLVKYLQVVGMFASTYLLLLMSLDRCLAICQPLRSLRRRTDRLAVLATWLGCLVASAPQVHIFSLREVADGVFDCWAVFIQPWGPKAYITWITLAVYIVPVIVLAACYGLISFKIWQNLRLKTAAAAAAEAPEGAAAGDGGRVALARVSSVKLISKAKIRTVKMTFIIVLAFIVCWTPFFFVQMWSVWDANAPKEASAFIIVMLLASLNSCCNPWIYMLFTGHLFHELVQRFLCCSASYLKGRRLGETSASKKSNSSSFVLSHRSSSQRSCSQPSTA','Oxytocin receptor','ENSG00000180914',9606);
INSERT INTO DISEASE VALUES ('C0004352','Autistic Disorder');
INSERT INTO DISEASE VALUES ('C0020538','Hypertensive disease');
INSERT INTO DISEASE VALUES ('C0020255','Hydrocephalus');
INSERT INTO DISEASE VALUES ('C0026705','Mucopolysaccharidosis II');
INSERT INTO DISEASE VALUES ('C2718304','Sulfoiduronate Sulfatase Deficiency');
INSERT INTO DISEASE VALUES ('C0011570','Mental Depression');
INSERT INTO DISEASE VALUES ('C0011581','Depressive disorder');
INSERT INTO DISEASE VALUES ('C1510586','Autism Spectrum Disorders');
INSERT INTO CAUSES VALUES ('P01178','C0004352');
INSERT INTO CAUSES VALUES ('P01178','C0020538');
INSERT INTO CAUSES VALUES ('P22304','C0020255');
INSERT INTO CAUSES VALUES ('P22304','C0026705');
INSERT INTO CAUSES VALUES ('P22304','C2718304');
INSERT INTO CAUSES VALUES ('P30559','C0004352');
INSERT INTO CAUSES VALUES ('P30559','C0011570');
INSERT INTO CAUSES VALUES ('P30559','C0011581');
INSERT INTO CAUSES VALUES ('P30559','C1510586');
INSERT INTO PUSER VALUES (1,'Rodrigo','9-02-1996','link','UA','Student');
INSERT INTO CURATOR VALUES (1,'2019-05-29');
INSERT INTO PUSER VALUES (2,'Diego','9-03-1996','link','UA','Student');
INSERT INTO PROJECT VALUES (1,'Criao de uma base de dados de proteinas');
INSERT INTO PARTICIPATES VALUES (1,1);
INSERT INTO PUBLICATION VALUES (1,'www.link.com','dummy pub',1,'2019-05-30');
INSERT INTO PUB_AUTHOR VALUES (1,'rodrigo');
INSERT INTO PUBLICATION VALUES (85770341,'www.link.com','The neurohypophyseal hormones vasopressin and oxytocin. Precursor structure, synthesis and regulation.',2,'2019-05-29');
INSERT INTO PUB_AUTHOR VALUES (85770341,'Rehbein M.');
INSERT INTO PUB_AUTHOR VALUES (85770341,'Hillers M.');
INSERT INTO PUB_AUTHOR VALUES (85770341,'Mohr E.');
INSERT INTO PUB_AUTHOR VALUES (85770341,'Ivell R.');
INSERT INTO PUB_AUTHOR VALUES (85770341,'Morley S.');
INSERT INTO PUB_AUTHOR VALUES (85770341,'Schmale H.');
INSERT INTO PUB_AUTHOR VALUES (85770341,'Richter D.');
INSERT INTO PUBLICATION VALUES (18006840,'www.link.com','The human vasopressin gene is linked to the oxytocin gene and is selectively expressed in a cultured lung cancer cell line.',2,'2019-05-29');
INSERT INTO PUB_AUTHOR VALUES (18006840,'Sausville E.');
INSERT INTO PUB_AUTHOR VALUES (18006840,'Carney D.');
INSERT INTO PUB_AUTHOR VALUES (18006840,'Battey J.');
INSERT INTO PUBLICATION VALUES (3656827,'www.link.com','Lack of sequence polymorphism in the oxytocin gene of autistic patients.',2,'2019-05-29');
INSERT INTO PUB_AUTHOR VALUES (3656827,'Grunwald W.C. Jr.');
INSERT INTO PUB_AUTHOR VALUES (3656827,'Cool D.R.');
INSERT INTO PUBLICATION VALUES (68182250,'www.link.com','The DNA sequence and comparative analysis of human chromosome 20.',2,'2019-05-29');
INSERT INTO PUB_AUTHOR VALUES (68182250,'Deloukas P.');
INSERT INTO PUB_AUTHOR VALUES (68182250,'Matthews L.H.');
INSERT INTO PUB_AUTHOR VALUES (68182250,'Ashurst J.L.');
INSERT INTO PUB_AUTHOR VALUES (68182250,'Burton J.');
INSERT INTO PUB_AUTHOR VALUES (68182250,'Gilbert J.G.R.');
INSERT INTO PUB_AUTHOR VALUES (68182250,'Jones M.');
INSERT INTO PUB_AUTHOR VALUES (68182250,'Stavrides G.');
INSERT INTO PUB_AUTHOR VALUES (68182250,'Almeida J.P.');
INSERT INTO PUB_AUTHOR VALUES (68182250,'Babbage A.K.');
INSERT INTO PUB_AUTHOR VALUES (68182250,'Bagguley C.L.');
INSERT INTO PUB_AUTHOR VALUES (68182250,'Bailey J.');
INSERT INTO PUB_AUTHOR VALUES (68182250,'Barlow K.F.');
INSERT INTO PUB_AUTHOR VALUES (68182250,'Bates K.N.');
INSERT INTO PUB_AUTHOR VALUES (68182250,'Beard L.M.');
INSERT INTO PUB_AUTHOR VALUES (68182250,'Beare D.M.');
INSERT INTO PUB_AUTHOR VALUES (68182250,'Beasley O.P.');
INSERT INTO PUB_AUTHOR VALUES (68182250,'Bird C.P.');
INSERT INTO PUB_AUTHOR VALUES (68182250,'Blakey S.E.');
INSERT INTO PUB_AUTHOR VALUES (68182250,'Bridgeman A.M.');
INSERT INTO PUB_AUTHOR VALUES (68182250,'Brown A.J.');
INSERT INTO PUB_AUTHOR VALUES (68182250,'Buck D.');
INSERT INTO PUB_AUTHOR VALUES (68182250,'Burrill W.D.');
INSERT INTO PUB_AUTHOR VALUES (68182250,'Butler A.P.');
INSERT INTO PUB_AUTHOR VALUES (68182250,'Carder C.');
INSERT INTO PUB_AUTHOR VALUES (68182250,'Carter N.P.');
INSERT INTO PUB_AUTHOR VALUES (68182250,'Chapman J.C.');
INSERT INTO PUB_AUTHOR VALUES (68182250,'Clamp M.');
INSERT INTO PUB_AUTHOR VALUES (68182250,'Clark G.');
INSERT INTO PUB_AUTHOR VALUES (68182250,'Clark L.N.');
INSERT INTO PUB_AUTHOR VALUES (68182250,'Clark S.Y.');
INSERT INTO PUB_AUTHOR VALUES (68182250,'Clee C.M.');
INSERT INTO PUB_AUTHOR VALUES (68182250,'Clegg S.');
INSERT INTO PUB_AUTHOR VALUES (68182250,'Cobley V.E.');
INSERT INTO PUB_AUTHOR VALUES (68182250,'Collier R.E.');
INSERT INTO PUB_AUTHOR VALUES (68182250,'Connor R.E.');
INSERT INTO PUB_AUTHOR VALUES (68182250,'Corby N.R.');
INSERT INTO PUB_AUTHOR VALUES (68182250,'Coulson A.');
INSERT INTO PUB_AUTHOR VALUES (68182250,'Coville G.J.');
INSERT INTO PUB_AUTHOR VALUES (68182250,'Deadman R.');
INSERT INTO PUB_AUTHOR VALUES (68182250,'Dhami P.D.');
INSERT INTO PUB_AUTHOR VALUES (68182250,'Dunn M.');
INSERT INTO PUB_AUTHOR VALUES (68182250,'Ellington A.G.');
INSERT INTO PUB_AUTHOR VALUES (68182250,'Frankland J.A.');
INSERT INTO PUB_AUTHOR VALUES (68182250,'Fraser A.');
INSERT INTO PUB_AUTHOR VALUES (68182250,'French L.');
INSERT INTO PUB_AUTHOR VALUES (68182250,'Garner P.');
INSERT INTO PUB_AUTHOR VALUES (68182250,'Grafham D.V.');
INSERT INTO PUB_AUTHOR VALUES (68182250,'Griffiths C.');
INSERT INTO PUB_AUTHOR VALUES (68182250,'Griffiths M.N.D.');
INSERT INTO PUB_AUTHOR VALUES (68182250,'Gwilliam R.');
INSERT INTO PUB_AUTHOR VALUES (68182250,'Hall R.E.');
INSERT INTO PUB_AUTHOR VALUES (68182250,'Hammond S.');
INSERT INTO PUB_AUTHOR VALUES (68182250,'Harley J.L.');
INSERT INTO PUB_AUTHOR VALUES (68182250,'Heath P.D.');
INSERT INTO PUB_AUTHOR VALUES (68182250,'Ho S.');
INSERT INTO PUB_AUTHOR VALUES (68182250,'Holden J.L.');
INSERT INTO PUB_AUTHOR VALUES (68182250,'Howden P.J.');
INSERT INTO PUB_AUTHOR VALUES (68182250,'Huckle E.');
INSERT INTO PUB_AUTHOR VALUES (68182250,'Hunt A.R.');
INSERT INTO PUB_AUTHOR VALUES (68182250,'Hunt S.E.');
INSERT INTO PUB_AUTHOR VALUES (68182250,'Jekosch K.');
INSERT INTO PUB_AUTHOR VALUES (68182250,'Johnson C.M.');
INSERT INTO PUB_AUTHOR VALUES (68182250,'Johnson D.');
INSERT INTO PUB_AUTHOR VALUES (68182250,'Kay M.P.');
INSERT INTO PUB_AUTHOR VALUES (68182250,'Kimberley A.M.');
INSERT INTO PUB_AUTHOR VALUES (68182250,'King A.');
INSERT INTO PUB_AUTHOR VALUES (68182250,'Knights A.');
INSERT INTO PUB_AUTHOR VALUES (68182250,'Laird G.K.');
INSERT INTO PUB_AUTHOR VALUES (68182250,'Lawlor S.');
INSERT INTO PUB_AUTHOR VALUES (68182250,'Lehvaeslaiho M.H.');
INSERT INTO PUB_AUTHOR VALUES (68182250,'Leversha M.A.');
INSERT INTO PUB_AUTHOR VALUES (68182250,'Lloyd C.');
INSERT INTO PUB_AUTHOR VALUES (68182250,'Lloyd D.M.');
INSERT INTO PUB_AUTHOR VALUES (68182250,'Lovell J.D.');
INSERT INTO PUB_AUTHOR VALUES (68182250,'Marsh V.L.');
INSERT INTO PUB_AUTHOR VALUES (68182250,'Martin S.L.');
INSERT INTO PUB_AUTHOR VALUES (68182250,'McConnachie L.J.');
INSERT INTO PUB_AUTHOR VALUES (68182250,'McLay K.');
INSERT INTO PUB_AUTHOR VALUES (68182250,'McMurray A.A.');
INSERT INTO PUB_AUTHOR VALUES (68182250,'Milne S.A.');
INSERT INTO PUB_AUTHOR VALUES (68182250,'Mistry D.');
INSERT INTO PUB_AUTHOR VALUES (68182250,'Moore M.J.F.');
INSERT INTO PUB_AUTHOR VALUES (68182250,'Mullikin J.C.');
INSERT INTO PUB_AUTHOR VALUES (68182250,'Nickerson T.');
INSERT INTO PUB_AUTHOR VALUES (68182250,'Oliver K.');
INSERT INTO PUB_AUTHOR VALUES (68182250,'Parker A.');
INSERT INTO PUB_AUTHOR VALUES (68182250,'Patel R.');
INSERT INTO PUB_AUTHOR VALUES (68182250,'Pearce T.A.V.');
INSERT INTO PUB_AUTHOR VALUES (68182250,'Peck A.I.');
INSERT INTO PUB_AUTHOR VALUES (68182250,'Phillimore B.J.C.T.');
INSERT INTO PUB_AUTHOR VALUES (68182250,'Prathalingam S.R.');
INSERT INTO PUB_AUTHOR VALUES (68182250,'Plumb R.W.');
INSERT INTO PUB_AUTHOR VALUES (68182250,'Ramsay H.');
INSERT INTO PUB_AUTHOR VALUES (68182250,'Rice C.M.');
INSERT INTO PUB_AUTHOR VALUES (68182250,'Ross M.T.');
INSERT INTO PUB_AUTHOR VALUES (68182250,'Scott C.E.');
INSERT INTO PUB_AUTHOR VALUES (68182250,'Sehra H.K.');
INSERT INTO PUB_AUTHOR VALUES (68182250,'Shownkeen R.');
INSERT INTO PUB_AUTHOR VALUES (68182250,'Sims S.');
INSERT INTO PUB_AUTHOR VALUES (68182250,'Skuce C.D.');
INSERT INTO PUB_AUTHOR VALUES (68182250,'Smith M.L.');
INSERT INTO PUB_AUTHOR VALUES (68182250,'Soderlund C.');
INSERT INTO PUB_AUTHOR VALUES (68182250,'Steward C.A.');
INSERT INTO PUB_AUTHOR VALUES (68182250,'Sulston J.E.');
INSERT INTO PUB_AUTHOR VALUES (68182250,'Swann R.M.');
INSERT INTO PUB_AUTHOR VALUES (68182250,'Sycamore N.');
INSERT INTO PUB_AUTHOR VALUES (68182250,'Taylor R.');
INSERT INTO PUB_AUTHOR VALUES (68182250,'Tee L.');
INSERT INTO PUB_AUTHOR VALUES (68182250,'Thomas D.W.');
INSERT INTO PUB_AUTHOR VALUES (68182250,'Thorpe A.');
INSERT INTO PUB_AUTHOR VALUES (68182250,'Tracey A.');
INSERT INTO PUB_AUTHOR VALUES (68182250,'Tromans A.C.');
INSERT INTO PUB_AUTHOR VALUES (68182250,'Vaudin M.');
INSERT INTO PUB_AUTHOR VALUES (68182250,'Wall M.');
INSERT INTO PUB_AUTHOR VALUES (68182250,'Wallis J.M.');
INSERT INTO PUB_AUTHOR VALUES (68182250,'Whitehead S.L.');
INSERT INTO PUB_AUTHOR VALUES (68182250,'Whittaker P.');
INSERT INTO PUB_AUTHOR VALUES (68182250,'Willey D.L.');
INSERT INTO PUB_AUTHOR VALUES (68182250,'Williams L.');
INSERT INTO PUB_AUTHOR VALUES (68182250,'Williams S.A.');
INSERT INTO PUB_AUTHOR VALUES (68182250,'Wilming L.');
INSERT INTO PUB_AUTHOR VALUES (68182250,'Wray P.W.');
INSERT INTO PUB_AUTHOR VALUES (68182250,'Hubbard T.');
INSERT INTO PUB_AUTHOR VALUES (68182250,'Durbin R.M.');
INSERT INTO PUB_AUTHOR VALUES (68182250,'Bentley D.R.');
INSERT INTO PUB_AUTHOR VALUES (68182250,'Beck S.');
INSERT INTO PUB_AUTHOR VALUES (68182250,'Rogers J.');
INSERT INTO PUBLICATION VALUES (75990124,'www.link.com','Expression of the oxytocin and vasopressin genes in human and baboon gonadal tissues.',2,'2019-05-29');
INSERT INTO PUB_AUTHOR VALUES (75990124,'Ivell R.');
INSERT INTO PUB_AUTHOR VALUES (75990124,'Furuya K.');
INSERT INTO PUB_AUTHOR VALUES (75990124,'Brackmann B.');
INSERT INTO PUB_AUTHOR VALUES (75990124,'Dawood Y.');
INSERT INTO PUB_AUTHOR VALUES (75990124,'Khan-Dawood F.');
INSERT INTO PUBLICATION VALUES (1807474,'www.link.com','Expression of the vasopressin and oxytocin genes in human hypothalami.',2,'2019-05-29');
INSERT INTO PUB_AUTHOR VALUES (1807474,'Mohr E.');
INSERT INTO PUB_AUTHOR VALUES (1807474,'Hillers M.');
INSERT INTO PUB_AUTHOR VALUES (1807474,'Ivell R.');
INSERT INTO PUB_AUTHOR VALUES (1807474,'Haulica I.D.');
INSERT INTO PUB_AUTHOR VALUES (1807474,'Richter D.');
INSERT INTO PUBLICATION VALUES (84911071,'www.link.com','Identification of human neurophysins: complete amino acid sequences of MSEL- and VLDV-neurophysins.',2,'2019-05-29');
INSERT INTO PUB_AUTHOR VALUES (84911071,'Chauvet M.-T.');
INSERT INTO PUB_AUTHOR VALUES (84911071,'Hurpet D.');
INSERT INTO PUB_AUTHOR VALUES (84911071,'Chauvet J.');
INSERT INTO PUB_AUTHOR VALUES (84911071,'Acher R.');
INSERT INTO PUBLICATION VALUES (88252219,'www.link.com','A comparative study of mammalian neurophysin protein sequences.',2,'2019-05-29');
INSERT INTO PUB_AUTHOR VALUES (88252219,'Schlesinger D.H.');
INSERT INTO PUB_AUTHOR VALUES (88252219,'Audhya T.K.');
INSERT INTO PUBLICATION VALUES (22153025,'www.link.com','On the nature of oxytocin and vasopressin from human pituitary.',2,'2019-05-29');
INSERT INTO PUB_AUTHOR VALUES (22153025,'Light A.');
INSERT INTO PUB_AUTHOR VALUES (22153025,'du Vigneaud V.');
INSERT INTO PUBLICATION VALUES (47498368,'www.link.com','Conopressin-T from Conus tulipa reveals an antagonist switch in vasopressin-like peptides.',2,'2019-05-29');
INSERT INTO PUB_AUTHOR VALUES (47498368,'Dutertre S.');
INSERT INTO PUB_AUTHOR VALUES (47498368,'Croker D.');
INSERT INTO PUB_AUTHOR VALUES (47498368,'Daly N.L.');
INSERT INTO PUB_AUTHOR VALUES (47498368,'Andersson A.');
INSERT INTO PUB_AUTHOR VALUES (47498368,'Muttenthaler M.');
INSERT INTO PUB_AUTHOR VALUES (47498368,'Lumsden N.G.');
INSERT INTO PUB_AUTHOR VALUES (47498368,'Craik D.J.');
INSERT INTO PUB_AUTHOR VALUES (47498368,'Alewood P.F.');
INSERT INTO PUB_AUTHOR VALUES (47498368,'Guillon G.');
INSERT INTO PUB_AUTHOR VALUES (47498368,'Lewis R.J.');
INSERT INTO PUBLICATION VALUES (81278673,'www.link.com','Hunter syndrome: isolation of an iduronate-2-sulfatase cDNA clone and analysis of patient DNA.',2,'2019-05-29');
INSERT INTO PUB_AUTHOR VALUES (81278673,'Wilson P.J.');
INSERT INTO PUB_AUTHOR VALUES (81278673,'Morris C.P.');
INSERT INTO PUB_AUTHOR VALUES (81278673,'Anson D.S.');
INSERT INTO PUB_AUTHOR VALUES (81278673,'Occhiodoro T.');
INSERT INTO PUB_AUTHOR VALUES (81278673,'Bielicki J.');
INSERT INTO PUB_AUTHOR VALUES (81278673,'Clements P.R.');
INSERT INTO PUB_AUTHOR VALUES (81278673,'Hopwood J.J.');
INSERT INTO PUBLICATION VALUES (1396106,'www.link.com','Sequence of the human iduronate 2-sulfatase (IDS) gene.',2,'2019-05-29');
INSERT INTO PUB_AUTHOR VALUES (1396106,'Wilson P.J.');
INSERT INTO PUB_AUTHOR VALUES (1396106,'Meaney C.A.');
INSERT INTO PUB_AUTHOR VALUES (1396106,'Hopwood J.J.');
INSERT INTO PUB_AUTHOR VALUES (1396106,'Morris C.P.');
INSERT INTO PUBLICATION VALUES (84351793,'www.link.com','130 kb of DNA sequence reveals two new genes and a regional duplication distal to the human iduronate-2-sulfate sulfatase locus.',2,'2019-05-29');
INSERT INTO PUB_AUTHOR VALUES (84351793,'Timms K.M.');
INSERT INTO PUB_AUTHOR VALUES (84351793,'Lu F.');
INSERT INTO PUB_AUTHOR VALUES (84351793,'Shen Y.');
INSERT INTO PUB_AUTHOR VALUES (84351793,'Pierson C.A.');
INSERT INTO PUB_AUTHOR VALUES (84351793,'Muzny D.M.');
INSERT INTO PUB_AUTHOR VALUES (84351793,'Gu Y.');
INSERT INTO PUB_AUTHOR VALUES (84351793,'Nelson D.L.');
INSERT INTO PUB_AUTHOR VALUES (84351793,'Gibbs R.A.');
INSERT INTO PUBLICATION VALUES (42268511,'www.link.com','Identification of an alternative transcript from the human iduronate-2-sulfatase (IDS) gene.',2,'2019-05-29');
INSERT INTO PUB_AUTHOR VALUES (42268511,'Malmgren H.');
INSERT INTO PUB_AUTHOR VALUES (42268511,'Carlberg B.M.');
INSERT INTO PUB_AUTHOR VALUES (42268511,'Pettersson U.');
INSERT INTO PUB_AUTHOR VALUES (42268511,'Bondeson M.L.');
INSERT INTO PUBLICATION VALUES (82985458,'www.link.com','The DNA sequence of the human X chromosome.',2,'2019-05-29');
INSERT INTO PUB_AUTHOR VALUES (82985458,'Ross M.T.');
INSERT INTO PUB_AUTHOR VALUES (82985458,'Grafham D.V.');
INSERT INTO PUB_AUTHOR VALUES (82985458,'Coffey A.J.');
INSERT INTO PUB_AUTHOR VALUES (82985458,'Scherer S.');
INSERT INTO PUB_AUTHOR VALUES (82985458,'McLay K.');
INSERT INTO PUB_AUTHOR VALUES (82985458,'Muzny D.');
INSERT INTO PUB_AUTHOR VALUES (82985458,'Platzer M.');
INSERT INTO PUB_AUTHOR VALUES (82985458,'Howell G.R.');
INSERT INTO PUB_AUTHOR VALUES (82985458,'Burrows C.');
INSERT INTO PUB_AUTHOR VALUES (82985458,'Bird C.P.');
INSERT INTO PUB_AUTHOR VALUES (82985458,'Frankish A.');
INSERT INTO PUB_AUTHOR VALUES (82985458,'Lovell F.L.');
INSERT INTO PUB_AUTHOR VALUES (82985458,'Howe K.L.');
INSERT INTO PUB_AUTHOR VALUES (82985458,'Ashurst J.L.');
INSERT INTO PUB_AUTHOR VALUES (82985458,'Fulton R.S.');
INSERT INTO PUB_AUTHOR VALUES (82985458,'Sudbrak R.');
INSERT INTO PUB_AUTHOR VALUES (82985458,'Wen G.');
INSERT INTO PUB_AUTHOR VALUES (82985458,'Jones M.C.');
INSERT INTO PUB_AUTHOR VALUES (82985458,'Hurles M.E.');
INSERT INTO PUB_AUTHOR VALUES (82985458,'Andrews T.D.');
INSERT INTO PUB_AUTHOR VALUES (82985458,'Scott C.E.');
INSERT INTO PUB_AUTHOR VALUES (82985458,'Searle S.');
INSERT INTO PUB_AUTHOR VALUES (82985458,'Ramser J.');
INSERT INTO PUB_AUTHOR VALUES (82985458,'Whittaker A.');
INSERT INTO PUB_AUTHOR VALUES (82985458,'Deadman R.');
INSERT INTO PUB_AUTHOR VALUES (82985458,'Carter N.P.');
INSERT INTO PUB_AUTHOR VALUES (82985458,'Hunt S.E.');
INSERT INTO PUB_AUTHOR VALUES (82985458,'Chen R.');
INSERT INTO PUB_AUTHOR VALUES (82985458,'Cree A.');
INSERT INTO PUB_AUTHOR VALUES (82985458,'Gunaratne P.');
INSERT INTO PUB_AUTHOR VALUES (82985458,'Havlak P.');
INSERT INTO PUB_AUTHOR VALUES (82985458,'Hodgson A.');
INSERT INTO PUB_AUTHOR VALUES (82985458,'Metzker M.L.');
INSERT INTO PUB_AUTHOR VALUES (82985458,'Richards S.');
INSERT INTO PUB_AUTHOR VALUES (82985458,'Scott G.');
INSERT INTO PUB_AUTHOR VALUES (82985458,'Steffen D.');
INSERT INTO PUB_AUTHOR VALUES (82985458,'Sodergren E.');
INSERT INTO PUB_AUTHOR VALUES (82985458,'Wheeler D.A.');
INSERT INTO PUB_AUTHOR VALUES (82985458,'Worley K.C.');
INSERT INTO PUB_AUTHOR VALUES (82985458,'Ainscough R.');
INSERT INTO PUB_AUTHOR VALUES (82985458,'Ambrose K.D.');
INSERT INTO PUB_AUTHOR VALUES (82985458,'Ansari-Lari M.A.');
INSERT INTO PUB_AUTHOR VALUES (82985458,'Aradhya S.');
INSERT INTO PUB_AUTHOR VALUES (82985458,'Ashwell R.I.');
INSERT INTO PUB_AUTHOR VALUES (82985458,'Babbage A.K.');
INSERT INTO PUB_AUTHOR VALUES (82985458,'Bagguley C.L.');
INSERT INTO PUB_AUTHOR VALUES (82985458,'Ballabio A.');
INSERT INTO PUB_AUTHOR VALUES (82985458,'Banerjee R.');
INSERT INTO PUB_AUTHOR VALUES (82985458,'Barker G.E.');
INSERT INTO PUB_AUTHOR VALUES (82985458,'Barlow K.F.');
INSERT INTO PUB_AUTHOR VALUES (82985458,'Barrett I.P.');
INSERT INTO PUB_AUTHOR VALUES (82985458,'Bates K.N.');
INSERT INTO PUB_AUTHOR VALUES (82985458,'Beare D.M.');
INSERT INTO PUB_AUTHOR VALUES (82985458,'Beasley H.');
INSERT INTO PUB_AUTHOR VALUES (82985458,'Beasley O.');
INSERT INTO PUB_AUTHOR VALUES (82985458,'Beck A.');
INSERT INTO PUB_AUTHOR VALUES (82985458,'Bethel G.');
INSERT INTO PUB_AUTHOR VALUES (82985458,'Blechschmidt K.');
INSERT INTO PUB_AUTHOR VALUES (82985458,'Brady N.');
INSERT INTO PUB_AUTHOR VALUES (82985458,'Bray-Allen S.');
INSERT INTO PUB_AUTHOR VALUES (82985458,'Bridgeman A.M.');
INSERT INTO PUB_AUTHOR VALUES (82985458,'Brown A.J.');
INSERT INTO PUB_AUTHOR VALUES (82985458,'Brown M.J.');
INSERT INTO PUB_AUTHOR VALUES (82985458,'Bonnin D.');
INSERT INTO PUB_AUTHOR VALUES (82985458,'Bruford E.A.');
INSERT INTO PUB_AUTHOR VALUES (82985458,'Buhay C.');
INSERT INTO PUB_AUTHOR VALUES (82985458,'Burch P.');
INSERT INTO PUB_AUTHOR VALUES (82985458,'Burford D.');
INSERT INTO PUB_AUTHOR VALUES (82985458,'Burgess J.');
INSERT INTO PUB_AUTHOR VALUES (82985458,'Burrill W.');
INSERT INTO PUB_AUTHOR VALUES (82985458,'Burton J.');
INSERT INTO PUB_AUTHOR VALUES (82985458,'Bye J.M.');
INSERT INTO PUB_AUTHOR VALUES (82985458,'Carder C.');
INSERT INTO PUB_AUTHOR VALUES (82985458,'Carrel L.');
INSERT INTO PUB_AUTHOR VALUES (82985458,'Chako J.');
INSERT INTO PUB_AUTHOR VALUES (82985458,'Chapman J.C.');
INSERT INTO PUB_AUTHOR VALUES (82985458,'Chavez D.');
INSERT INTO PUB_AUTHOR VALUES (82985458,'Chen E.');
INSERT INTO PUB_AUTHOR VALUES (82985458,'Chen G.');
INSERT INTO PUB_AUTHOR VALUES (82985458,'Chen Y.');
INSERT INTO PUB_AUTHOR VALUES (82985458,'Chen Z.');
INSERT INTO PUB_AUTHOR VALUES (82985458,'Chinault C.');
INSERT INTO PUB_AUTHOR VALUES (82985458,'Ciccodicola A.');
INSERT INTO PUB_AUTHOR VALUES (82985458,'Clark S.Y.');
INSERT INTO PUB_AUTHOR VALUES (82985458,'Clarke G.');
INSERT INTO PUB_AUTHOR VALUES (82985458,'Clee C.M.');
INSERT INTO PUB_AUTHOR VALUES (82985458,'Clegg S.');
INSERT INTO PUB_AUTHOR VALUES (82985458,'Clerc-Blankenburg K.');
INSERT INTO PUB_AUTHOR VALUES (82985458,'Clifford K.');
INSERT INTO PUB_AUTHOR VALUES (82985458,'Cobley V.');
INSERT INTO PUB_AUTHOR VALUES (82985458,'Cole C.G.');
INSERT INTO PUB_AUTHOR VALUES (82985458,'Conquer J.S.');
INSERT INTO PUB_AUTHOR VALUES (82985458,'Corby N.');
INSERT INTO PUB_AUTHOR VALUES (82985458,'Connor R.E.');
INSERT INTO PUB_AUTHOR VALUES (82985458,'David R.');
INSERT INTO PUB_AUTHOR VALUES (82985458,'Davies J.');
INSERT INTO PUB_AUTHOR VALUES (82985458,'Davis C.');
INSERT INTO PUB_AUTHOR VALUES (82985458,'Davis J.');
INSERT INTO PUB_AUTHOR VALUES (82985458,'Delgado O.');
INSERT INTO PUB_AUTHOR VALUES (82985458,'Deshazo D.');
INSERT INTO PUB_AUTHOR VALUES (82985458,'Dhami P.');
INSERT INTO PUB_AUTHOR VALUES (82985458,'Ding Y.');
INSERT INTO PUB_AUTHOR VALUES (82985458,'Dinh H.');
INSERT INTO PUB_AUTHOR VALUES (82985458,'Dodsworth S.');
INSERT INTO PUB_AUTHOR VALUES (82985458,'Draper H.');
INSERT INTO PUB_AUTHOR VALUES (82985458,'Dugan-Rocha S.');
INSERT INTO PUB_AUTHOR VALUES (82985458,'Dunham A.');
INSERT INTO PUB_AUTHOR VALUES (82985458,'Dunn M.');
INSERT INTO PUB_AUTHOR VALUES (82985458,'Durbin K.J.');
INSERT INTO PUB_AUTHOR VALUES (82985458,'Dutta I.');
INSERT INTO PUB_AUTHOR VALUES (82985458,'Eades T.');
INSERT INTO PUB_AUTHOR VALUES (82985458,'Ellwood M.');
INSERT INTO PUB_AUTHOR VALUES (82985458,'Emery-Cohen A.');
INSERT INTO PUB_AUTHOR VALUES (82985458,'Errington H.');
INSERT INTO PUB_AUTHOR VALUES (82985458,'Evans K.L.');
INSERT INTO PUB_AUTHOR VALUES (82985458,'Faulkner L.');
INSERT INTO PUB_AUTHOR VALUES (82985458,'Francis F.');
INSERT INTO PUB_AUTHOR VALUES (82985458,'Frankland J.');
INSERT INTO PUB_AUTHOR VALUES (82985458,'Fraser A.E.');
INSERT INTO PUB_AUTHOR VALUES (82985458,'Galgoczy P.');
INSERT INTO PUB_AUTHOR VALUES (82985458,'Gilbert J.');
INSERT INTO PUB_AUTHOR VALUES (82985458,'Gill R.');
INSERT INTO PUB_AUTHOR VALUES (82985458,'Gloeckner G.');
INSERT INTO PUB_AUTHOR VALUES (82985458,'Gregory S.G.');
INSERT INTO PUB_AUTHOR VALUES (82985458,'Gribble S.');
INSERT INTO PUB_AUTHOR VALUES (82985458,'Griffiths C.');
INSERT INTO PUB_AUTHOR VALUES (82985458,'Grocock R.');
INSERT INTO PUB_AUTHOR VALUES (82985458,'Gu Y.');
INSERT INTO PUB_AUTHOR VALUES (82985458,'Gwilliam R.');
INSERT INTO PUB_AUTHOR VALUES (82985458,'Hamilton C.');
INSERT INTO PUB_AUTHOR VALUES (82985458,'Hart E.A.');
INSERT INTO PUB_AUTHOR VALUES (82985458,'Hawes A.');
INSERT INTO PUB_AUTHOR VALUES (82985458,'Heath P.D.');
INSERT INTO PUB_AUTHOR VALUES (82985458,'Heitmann K.');
INSERT INTO PUB_AUTHOR VALUES (82985458,'Hennig S.');
INSERT INTO PUB_AUTHOR VALUES (82985458,'Hernandez J.');
INSERT INTO PUB_AUTHOR VALUES (82985458,'Hinzmann B.');
INSERT INTO PUB_AUTHOR VALUES (82985458,'Ho S.');
INSERT INTO PUB_AUTHOR VALUES (82985458,'Hoffs M.');
INSERT INTO PUB_AUTHOR VALUES (82985458,'Howden P.J.');
INSERT INTO PUB_AUTHOR VALUES (82985458,'Huckle E.J.');
INSERT INTO PUB_AUTHOR VALUES (82985458,'Hume J.');
INSERT INTO PUB_AUTHOR VALUES (82985458,'Hunt P.J.');
INSERT INTO PUB_AUTHOR VALUES (82985458,'Hunt A.R.');
INSERT INTO PUB_AUTHOR VALUES (82985458,'Isherwood J.');
INSERT INTO PUB_AUTHOR VALUES (82985458,'Jacob L.');
INSERT INTO PUB_AUTHOR VALUES (82985458,'Johnson D.');
INSERT INTO PUB_AUTHOR VALUES (82985458,'Jones S.');
INSERT INTO PUB_AUTHOR VALUES (82985458,'de Jong P.J.');
INSERT INTO PUB_AUTHOR VALUES (82985458,'Joseph S.S.');
INSERT INTO PUB_AUTHOR VALUES (82985458,'Keenan S.');
INSERT INTO PUB_AUTHOR VALUES (82985458,'Kelly S.');
INSERT INTO PUB_AUTHOR VALUES (82985458,'Kershaw J.K.');
INSERT INTO PUB_AUTHOR VALUES (82985458,'Khan Z.');
INSERT INTO PUB_AUTHOR VALUES (82985458,'Kioschis P.');
INSERT INTO PUB_AUTHOR VALUES (82985458,'Klages S.');
INSERT INTO PUB_AUTHOR VALUES (82985458,'Knights A.J.');
INSERT INTO PUB_AUTHOR VALUES (82985458,'Kosiura A.');
INSERT INTO PUB_AUTHOR VALUES (82985458,'Kovar-Smith C.');
INSERT INTO PUB_AUTHOR VALUES (82985458,'Laird G.K.');
INSERT INTO PUB_AUTHOR VALUES (82985458,'Langford C.');
INSERT INTO PUB_AUTHOR VALUES (82985458,'Lawlor S.');
INSERT INTO PUB_AUTHOR VALUES (82985458,'Leversha M.');
INSERT INTO PUB_AUTHOR VALUES (82985458,'Lewis L.');
INSERT INTO PUB_AUTHOR VALUES (82985458,'Liu W.');
INSERT INTO PUB_AUTHOR VALUES (82985458,'Lloyd C.');
INSERT INTO PUB_AUTHOR VALUES (82985458,'Lloyd D.M.');
INSERT INTO PUB_AUTHOR VALUES (82985458,'Loulseged H.');
INSERT INTO PUB_AUTHOR VALUES (82985458,'Loveland J.E.');
INSERT INTO PUB_AUTHOR VALUES (82985458,'Lovell J.D.');
INSERT INTO PUB_AUTHOR VALUES (82985458,'Lozado R.');
INSERT INTO PUB_AUTHOR VALUES (82985458,'Lu J.');
INSERT INTO PUB_AUTHOR VALUES (82985458,'Lyne R.');
INSERT INTO PUB_AUTHOR VALUES (82985458,'Ma J.');
INSERT INTO PUB_AUTHOR VALUES (82985458,'Maheshwari M.');
INSERT INTO PUB_AUTHOR VALUES (82985458,'Matthews L.H.');
INSERT INTO PUB_AUTHOR VALUES (82985458,'McDowall J.');
INSERT INTO PUB_AUTHOR VALUES (82985458,'McLaren S.');
INSERT INTO PUB_AUTHOR VALUES (82985458,'McMurray A.');
INSERT INTO PUB_AUTHOR VALUES (82985458,'Meidl P.');
INSERT INTO PUB_AUTHOR VALUES (82985458,'Meitinger T.');
INSERT INTO PUB_AUTHOR VALUES (82985458,'Milne S.');
INSERT INTO PUB_AUTHOR VALUES (82985458,'Miner G.');
INSERT INTO PUB_AUTHOR VALUES (82985458,'Mistry S.L.');
INSERT INTO PUB_AUTHOR VALUES (82985458,'Morgan M.');
INSERT INTO PUB_AUTHOR VALUES (82985458,'Morris S.');
INSERT INTO PUB_AUTHOR VALUES (82985458,'Mueller I.');
INSERT INTO PUB_AUTHOR VALUES (82985458,'Mullikin J.C.');
INSERT INTO PUB_AUTHOR VALUES (82985458,'Nguyen N.');
INSERT INTO PUB_AUTHOR VALUES (82985458,'Nordsiek G.');
INSERT INTO PUB_AUTHOR VALUES (82985458,'Nyakatura G.');
INSERT INTO PUB_AUTHOR VALUES (82985458,'Odell C.N.');
INSERT INTO PUB_AUTHOR VALUES (82985458,'Okwuonu G.');
INSERT INTO PUB_AUTHOR VALUES (82985458,'Palmer S.');
INSERT INTO PUB_AUTHOR VALUES (82985458,'Pandian R.');
INSERT INTO PUB_AUTHOR VALUES (82985458,'Parker D.');
INSERT INTO PUB_AUTHOR VALUES (82985458,'Parrish J.');
INSERT INTO PUB_AUTHOR VALUES (82985458,'Pasternak S.');
INSERT INTO PUB_AUTHOR VALUES (82985458,'Patel D.');
INSERT INTO PUB_AUTHOR VALUES (82985458,'Pearce A.V.');
INSERT INTO PUB_AUTHOR VALUES (82985458,'Pearson D.M.');
INSERT INTO PUB_AUTHOR VALUES (82985458,'Pelan S.E.');
INSERT INTO PUB_AUTHOR VALUES (82985458,'Perez L.');
INSERT INTO PUB_AUTHOR VALUES (82985458,'Porter K.M.');
INSERT INTO PUB_AUTHOR VALUES (82985458,'Ramsey Y.');
INSERT INTO PUB_AUTHOR VALUES (82985458,'Reichwald K.');
INSERT INTO PUB_AUTHOR VALUES (82985458,'Rhodes S.');
INSERT INTO PUB_AUTHOR VALUES (82985458,'Ridler K.A.');
INSERT INTO PUB_AUTHOR VALUES (82985458,'Schlessinger D.');
INSERT INTO PUB_AUTHOR VALUES (82985458,'Schueler M.G.');
INSERT INTO PUB_AUTHOR VALUES (82985458,'Sehra H.K.');
INSERT INTO PUB_AUTHOR VALUES (82985458,'Shaw-Smith C.');
INSERT INTO PUB_AUTHOR VALUES (82985458,'Shen H.');
INSERT INTO PUB_AUTHOR VALUES (82985458,'Sheridan E.M.');
INSERT INTO PUB_AUTHOR VALUES (82985458,'Shownkeen R.');
INSERT INTO PUB_AUTHOR VALUES (82985458,'Skuce C.D.');
INSERT INTO PUB_AUTHOR VALUES (82985458,'Smith M.L.');
INSERT INTO PUB_AUTHOR VALUES (82985458,'Sotheran E.C.');
INSERT INTO PUB_AUTHOR VALUES (82985458,'Steingruber H.E.');
INSERT INTO PUB_AUTHOR VALUES (82985458,'Steward C.A.');
INSERT INTO PUB_AUTHOR VALUES (82985458,'Storey R.');
INSERT INTO PUB_AUTHOR VALUES (82985458,'Swann R.M.');
INSERT INTO PUB_AUTHOR VALUES (82985458,'Swarbreck D.');
INSERT INTO PUB_AUTHOR VALUES (82985458,'Tabor P.E.');
INSERT INTO PUB_AUTHOR VALUES (82985458,'Taudien S.');
INSERT INTO PUB_AUTHOR VALUES (82985458,'Taylor T.');
INSERT INTO PUB_AUTHOR VALUES (82985458,'Teague B.');
INSERT INTO PUB_AUTHOR VALUES (82985458,'Thomas K.');
INSERT INTO PUB_AUTHOR VALUES (82985458,'Thorpe A.');
INSERT INTO PUB_AUTHOR VALUES (82985458,'Timms K.');
INSERT INTO PUB_AUTHOR VALUES (82985458,'Tracey A.');
INSERT INTO PUB_AUTHOR VALUES (82985458,'Trevanion S.');
INSERT INTO PUB_AUTHOR VALUES (82985458,'Tromans A.C.');
INSERT INTO PUB_AUTHOR VALUES (82985458,'dUrso M.');
INSERT INTO PUB_AUTHOR VALUES (82985458,'Verduzco D.');
INSERT INTO PUB_AUTHOR VALUES (82985458,'Villasana D.');
INSERT INTO PUB_AUTHOR VALUES (82985458,'Waldron L.');
INSERT INTO PUB_AUTHOR VALUES (82985458,'Wall M.');
INSERT INTO PUB_AUTHOR VALUES (82985458,'Wang Q.');
INSERT INTO PUB_AUTHOR VALUES (82985458,'Warren J.');
INSERT INTO PUB_AUTHOR VALUES (82985458,'Warry G.L.');
INSERT INTO PUB_AUTHOR VALUES (82985458,'Wei X.');
INSERT INTO PUB_AUTHOR VALUES (82985458,'West A.');
INSERT INTO PUB_AUTHOR VALUES (82985458,'Whitehead S.L.');
INSERT INTO PUB_AUTHOR VALUES (82985458,'Whiteley M.N.');
INSERT INTO PUB_AUTHOR VALUES (82985458,'Wilkinson J.E.');
INSERT INTO PUB_AUTHOR VALUES (82985458,'Willey D.L.');
INSERT INTO PUB_AUTHOR VALUES (82985458,'Williams G.');
INSERT INTO PUB_AUTHOR VALUES (82985458,'Williams L.');
INSERT INTO PUB_AUTHOR VALUES (82985458,'Williamson A.');
INSERT INTO PUB_AUTHOR VALUES (82985458,'Williamson H.');
INSERT INTO PUB_AUTHOR VALUES (82985458,'Wilming L.');
INSERT INTO PUB_AUTHOR VALUES (82985458,'Woodmansey R.L.');
INSERT INTO PUB_AUTHOR VALUES (82985458,'Wray P.W.');
INSERT INTO PUB_AUTHOR VALUES (82985458,'Yen J.');
INSERT INTO PUB_AUTHOR VALUES (82985458,'Zhang J.');
INSERT INTO PUB_AUTHOR VALUES (82985458,'Zhou J.');
INSERT INTO PUB_AUTHOR VALUES (82985458,'Zoghbi H.');
INSERT INTO PUB_AUTHOR VALUES (82985458,'Zorilla S.');
INSERT INTO PUB_AUTHOR VALUES (82985458,'Buck D.');
INSERT INTO PUB_AUTHOR VALUES (82985458,'Reinhardt R.');
INSERT INTO PUB_AUTHOR VALUES (82985458,'Poustka A.');
INSERT INTO PUB_AUTHOR VALUES (82985458,'Rosenthal A.');
INSERT INTO PUB_AUTHOR VALUES (82985458,'Lehrach H.');
INSERT INTO PUB_AUTHOR VALUES (82985458,'Meindl A.');
INSERT INTO PUB_AUTHOR VALUES (82985458,'Minx P.J.');
INSERT INTO PUB_AUTHOR VALUES (82985458,'Hillier L.W.');
INSERT INTO PUB_AUTHOR VALUES (82985458,'Willard H.F.');
INSERT INTO PUB_AUTHOR VALUES (82985458,'Wilson R.K.');
INSERT INTO PUB_AUTHOR VALUES (82985458,'Waterston R.H.');
INSERT INTO PUB_AUTHOR VALUES (82985458,'Rice C.M.');
INSERT INTO PUB_AUTHOR VALUES (82985458,'Vaudin M.');
INSERT INTO PUB_AUTHOR VALUES (82985458,'Coulson A.');
INSERT INTO PUB_AUTHOR VALUES (82985458,'Nelson D.L.');
INSERT INTO PUB_AUTHOR VALUES (82985458,'Weinstock G.');
INSERT INTO PUB_AUTHOR VALUES (82985458,'Sulston J.E.');
INSERT INTO PUB_AUTHOR VALUES (82985458,'Durbin R.M.');
INSERT INTO PUB_AUTHOR VALUES (82985458,'Hubbard T.');
INSERT INTO PUB_AUTHOR VALUES (82985458,'Gibbs R.A.');
INSERT INTO PUB_AUTHOR VALUES (82985458,'Beck S.');
INSERT INTO PUB_AUTHOR VALUES (82985458,'Rogers J.');
INSERT INTO PUB_AUTHOR VALUES (82985458,'Bentley D.R.');
INSERT INTO PUBLICATION VALUES (30458343,'www.link.com','Determination of the organisation of coding sequences within the iduronate sulphate sulphatase (IDS) gene.',2,'2019-05-29');
INSERT INTO PUB_AUTHOR VALUES (30458343,'Flomen R.H.');
INSERT INTO PUB_AUTHOR VALUES (30458343,'Green E.P.');
INSERT INTO PUB_AUTHOR VALUES (30458343,'Green P.M.');
INSERT INTO PUB_AUTHOR VALUES (30458343,'Bentley D.R.');
INSERT INTO PUB_AUTHOR VALUES (30458343,'Giannelli F.');
INSERT INTO PUBLICATION VALUES (72513570,'www.link.com','Molecular basis of mucopolysaccharidosis type II: mutations in the iduronate-2-sulphatase gene.',2,'2019-05-29');
INSERT INTO PUB_AUTHOR VALUES (72513570,'Hopwood J.J.');
INSERT INTO PUB_AUTHOR VALUES (72513570,'Bunge S.');
INSERT INTO PUB_AUTHOR VALUES (72513570,'Morris C.P.');
INSERT INTO PUB_AUTHOR VALUES (72513570,'Wilson P.J.');
INSERT INTO PUB_AUTHOR VALUES (72513570,'Steglich C.');
INSERT INTO PUB_AUTHOR VALUES (72513570,'Beck M.');
INSERT INTO PUB_AUTHOR VALUES (72513570,'Schwinger E.');
INSERT INTO PUB_AUTHOR VALUES (72513570,'Gal A.');
INSERT INTO PUBLICATION VALUES (23226825,'www.link.com','Glycoproteomics analysis of human liver tissue by combination of multiple enzyme digestion and hydrazide chemistry.',2,'2019-05-29');
INSERT INTO PUB_AUTHOR VALUES (23226825,'Chen R.');
INSERT INTO PUB_AUTHOR VALUES (23226825,'Jiang X.');
INSERT INTO PUB_AUTHOR VALUES (23226825,'Sun D.');
INSERT INTO PUB_AUTHOR VALUES (23226825,'Han G.');
INSERT INTO PUB_AUTHOR VALUES (23226825,'Wang F.');
INSERT INTO PUB_AUTHOR VALUES (23226825,'Ye M.');
INSERT INTO PUB_AUTHOR VALUES (23226825,'Wang L.');
INSERT INTO PUB_AUTHOR VALUES (23226825,'Zou H.');
INSERT INTO PUBLICATION VALUES (83082636,'www.link.com','Mutation analysis of the iduronate-2-sulfatase gene in patients with mucopolysaccharidosis type II (Hunter syndrome).',2,'2019-05-29');
INSERT INTO PUB_AUTHOR VALUES (83082636,'Bunge S.');
INSERT INTO PUB_AUTHOR VALUES (83082636,'Steglich C.');
INSERT INTO PUB_AUTHOR VALUES (83082636,'Beck M.');
INSERT INTO PUB_AUTHOR VALUES (83082636,'Rosenkranz W.');
INSERT INTO PUB_AUTHOR VALUES (83082636,'Schwinger E.');
INSERT INTO PUB_AUTHOR VALUES (83082636,'Hopwood J.J.');
INSERT INTO PUB_AUTHOR VALUES (83082636,'Gal A.');
INSERT INTO PUBLICATION VALUES (60363340,'www.link.com','Mutation R468W of the iduronate-2-sulfatase gene in mild Hunter syndrome (mucopolysaccharidosis type II) confirmed by in vitro mutagenesis and expression.',2,'2019-05-29');
INSERT INTO PUB_AUTHOR VALUES (60363340,'Crotti P.L.');
INSERT INTO PUB_AUTHOR VALUES (60363340,'Bunge S.');
INSERT INTO PUB_AUTHOR VALUES (60363340,'Anderson R.A.');
INSERT INTO PUB_AUTHOR VALUES (60363340,'Whitley C.B.');
INSERT INTO PUBLICATION VALUES (24210525,'www.link.com','Iduronate-2-sulfatase gene mutations in 16 patients with mucopolysaccharidosis type II (Hunter syndrome).',2,'2019-05-29');
INSERT INTO PUB_AUTHOR VALUES (24210525,'Bunge S.');
INSERT INTO PUB_AUTHOR VALUES (24210525,'Steglich C.');
INSERT INTO PUB_AUTHOR VALUES (24210525,'Zuther C.');
INSERT INTO PUB_AUTHOR VALUES (24210525,'Beck M.');
INSERT INTO PUB_AUTHOR VALUES (24210525,'Morris C.P.');
INSERT INTO PUB_AUTHOR VALUES (24210525,'Schwinger E.');
INSERT INTO PUB_AUTHOR VALUES (24210525,'Schinzel A.');
INSERT INTO PUB_AUTHOR VALUES (24210525,'Hopwood J.J.');
INSERT INTO PUB_AUTHOR VALUES (24210525,'Gal A.');
INSERT INTO PUBLICATION VALUES (83988217,'www.link.com','Mutations of the iduronate-2-sulfatase (IDS) gene in patients with Hunter syndrome (mucopolysaccharidosis II).',2,'2019-05-29');
INSERT INTO PUB_AUTHOR VALUES (83988217,'Schroeder W.');
INSERT INTO PUB_AUTHOR VALUES (83988217,'Wulff K.');
INSERT INTO PUB_AUTHOR VALUES (83988217,'Wehnert M.');
INSERT INTO PUB_AUTHOR VALUES (83988217,'Seidlitz G.');
INSERT INTO PUB_AUTHOR VALUES (83988217,'Herrmann F.H.');
INSERT INTO PUBLICATION VALUES (28322142,'www.link.com','Mutation analysis of Jewish Hunter patients in Israel.',2,'2019-05-29');
INSERT INTO PUB_AUTHOR VALUES (28322142,'Ben-Simon-Schiff E.');
INSERT INTO PUB_AUTHOR VALUES (28322142,'Bach G.');
INSERT INTO PUB_AUTHOR VALUES (28322142,'Hopwood J.J.');
INSERT INTO PUB_AUTHOR VALUES (28322142,'Abeliovich D.');
INSERT INTO PUBLICATION VALUES (36665786,'www.link.com','Molecular diagnosis of mucopolysaccharidosis type II (Hunter syndrome) by automated sequencing and computer-assisted interpretation: toward mutation mapping of the iduronate-2-sulfatase gene.',2,'2019-05-29');
INSERT INTO PUB_AUTHOR VALUES (36665786,'Jonsson J.J.');
INSERT INTO PUB_AUTHOR VALUES (36665786,'Aronovich E.L.');
INSERT INTO PUB_AUTHOR VALUES (36665786,'Braun S.E.');
INSERT INTO PUB_AUTHOR VALUES (36665786,'Whitley C.B.');
INSERT INTO PUBLICATION VALUES (54779946,'www.link.com','Mutations of the iduronate-2-sulfatase gene in 12 Polish patients with mucopolysaccharidosis type II (Hunter syndrome).',2,'2019-05-29');
INSERT INTO PUB_AUTHOR VALUES (54779946,'Popowska E.');
INSERT INTO PUB_AUTHOR VALUES (54779946,'Rathmann M.');
INSERT INTO PUB_AUTHOR VALUES (54779946,'Tylki-Szymanska A.');
INSERT INTO PUB_AUTHOR VALUES (54779946,'Bunge S.');
INSERT INTO PUB_AUTHOR VALUES (54779946,'Steglich C.');
INSERT INTO PUB_AUTHOR VALUES (54779946,'Schwinger E.');
INSERT INTO PUB_AUTHOR VALUES (54779946,'Gal A.');
INSERT INTO PUBLICATION VALUES (47901052,'www.link.com','Mucopolysaccharidosis type II (Hunter disease): identification and characterization of eight point mutations in the iduronate-2-sulfatase gene in Japanese patients.',2,'2019-05-29');
INSERT INTO PUB_AUTHOR VALUES (47901052,'Sukegawa K.');
INSERT INTO PUB_AUTHOR VALUES (47901052,'Tomatsu S.');
INSERT INTO PUB_AUTHOR VALUES (47901052,'Fukao T.');
INSERT INTO PUB_AUTHOR VALUES (47901052,'Iwata H.');
INSERT INTO PUB_AUTHOR VALUES (47901052,'Song X.-Q.');
INSERT INTO PUB_AUTHOR VALUES (47901052,'Yamada Y.');
INSERT INTO PUB_AUTHOR VALUES (47901052,'Fukuda S.');
INSERT INTO PUB_AUTHOR VALUES (47901052,'Isogai K.');
INSERT INTO PUB_AUTHOR VALUES (47901052,'Orii T.');
INSERT INTO PUBLICATION VALUES (86290953,'www.link.com','Mutations of the iduronate-2-sulfatase gene on a T146T background in three patients with Hunter syndrome.',2,'2019-05-29');
INSERT INTO PUB_AUTHOR VALUES (86290953,'Li P.');
INSERT INTO PUB_AUTHOR VALUES (86290953,'Huffman P.');
INSERT INTO PUB_AUTHOR VALUES (86290953,'Thompson J.N.');
INSERT INTO PUBLICATION VALUES (30440178,'www.link.com','Mucopolysaccharidosis type II (Hunter syndrome): mutation hot spots in the iduronate-2-sulfatase gene.',2,'2019-05-29');
INSERT INTO PUB_AUTHOR VALUES (30440178,'Rathmann M.');
INSERT INTO PUB_AUTHOR VALUES (30440178,'Bunge S.');
INSERT INTO PUB_AUTHOR VALUES (30440178,'Beck M.');
INSERT INTO PUB_AUTHOR VALUES (30440178,'Kresse H.');
INSERT INTO PUB_AUTHOR VALUES (30440178,'Tylki-Szymanska A.');
INSERT INTO PUB_AUTHOR VALUES (30440178,'Gal A.');
INSERT INTO PUBLICATION VALUES (34805474,'www.link.com','Mutations in the iduronate-2-sulfatase gene in five Norwegians with Hunter syndrome.',2,'2019-05-29');
INSERT INTO PUB_AUTHOR VALUES (34805474,'Olsen T.C.');
INSERT INTO PUB_AUTHOR VALUES (34805474,'Eiken H.G.');
INSERT INTO PUB_AUTHOR VALUES (34805474,'Knappskog P.M.');
INSERT INTO PUB_AUTHOR VALUES (34805474,'Kase B.F.');
INSERT INTO PUB_AUTHOR VALUES (34805474,'Mansson J.-E.');
INSERT INTO PUB_AUTHOR VALUES (34805474,'Boman H.');
INSERT INTO PUB_AUTHOR VALUES (34805474,'Apold J.');
INSERT INTO PUBLICATION VALUES (92030434,'www.link.com','Mutation analysis in 20 patients with Hunter disease.',2,'2019-05-29');
INSERT INTO PUB_AUTHOR VALUES (92030434,'Goldenfum S.L.');
INSERT INTO PUB_AUTHOR VALUES (92030434,'Young E.');
INSERT INTO PUB_AUTHOR VALUES (92030434,'Michelakakis H.');
INSERT INTO PUB_AUTHOR VALUES (92030434,'Tsagarakis S.');
INSERT INTO PUB_AUTHOR VALUES (92030434,'Winchester B.');
INSERT INTO PUBLICATION VALUES (51338785,'www.link.com','Detection of four novel mutations in the iduronate-2-sulphatase gene by single-strand conformation polymorphism analysis of genomic amplicons.',2,'2019-05-29');
INSERT INTO PUB_AUTHOR VALUES (51338785,'Li P.');
INSERT INTO PUB_AUTHOR VALUES (51338785,'Thompson J.N.');
INSERT INTO PUBLICATION VALUES (68250700,'www.link.com','Mucopolysaccharidosis type II: identification of six novel mutations in Italian patients.',2,'2019-05-29');
INSERT INTO PUB_AUTHOR VALUES (68250700,'Villani G.R.D.');
INSERT INTO PUB_AUTHOR VALUES (68250700,'Balzano N.');
INSERT INTO PUB_AUTHOR VALUES (68250700,'Grosso M.');
INSERT INTO PUB_AUTHOR VALUES (68250700,'Salvadore F.');
INSERT INTO PUB_AUTHOR VALUES (68250700,'Izzo P.');
INSERT INTO PUB_AUTHOR VALUES (68250700,'di Natale P.');
INSERT INTO PUBLICATION VALUES (99016460,'www.link.com','Hunter disease in a girl caused by R468Q mutation in the iduronate-2-sulfatase gene and skewed inactivation of the X chromosome carrying the normal allele.',2,'2019-05-29');
INSERT INTO PUB_AUTHOR VALUES (99016460,'Sukegawa K.');
INSERT INTO PUB_AUTHOR VALUES (99016460,'Song X.-Q.');
INSERT INTO PUB_AUTHOR VALUES (99016460,'Masuno M.');
INSERT INTO PUB_AUTHOR VALUES (99016460,'Fukao T.');
INSERT INTO PUB_AUTHOR VALUES (99016460,'Shimozawa N.');
INSERT INTO PUB_AUTHOR VALUES (99016460,'Fukuda S.');
INSERT INTO PUB_AUTHOR VALUES (99016460,'Isogai K.');
INSERT INTO PUB_AUTHOR VALUES (99016460,'Nishio H.');
INSERT INTO PUB_AUTHOR VALUES (99016460,'Matsuo M.');
INSERT INTO PUB_AUTHOR VALUES (99016460,'Tomatsu S.');
INSERT INTO PUB_AUTHOR VALUES (99016460,'Kondo N.');
INSERT INTO PUB_AUTHOR VALUES (99016460,'Orii T.');
INSERT INTO PUBLICATION VALUES (69204681,'www.link.com','Molecular analysis in 23 Hunter disease families.',2,'2019-05-29');
INSERT INTO PUB_AUTHOR VALUES (69204681,'Lissens W.');
INSERT INTO PUB_AUTHOR VALUES (69204681,'Seneca S.');
INSERT INTO PUB_AUTHOR VALUES (69204681,'Liebaers I.');
INSERT INTO PUBLICATION VALUES (1108690,'www.link.com','Mutation analysis in 57 unrelated patients with MPS II.',2,'2019-05-29');
INSERT INTO PUB_AUTHOR VALUES (1108690,'Vafiadaki E.');
INSERT INTO PUB_AUTHOR VALUES (1108690,'Cooper A.');
INSERT INTO PUB_AUTHOR VALUES (1108690,'Heptinstall L.E.');
INSERT INTO PUB_AUTHOR VALUES (1108690,'Hatton C.E.');
INSERT INTO PUB_AUTHOR VALUES (1108690,'Thornley M.');
INSERT INTO PUB_AUTHOR VALUES (1108690,'Wraith J.E.');
INSERT INTO PUBLICATION VALUES (1161880,'www.link.com','Identification of iduronate sulfatase gene alterations in 70 unrelated Hunter patients.',2,'2019-05-29');
INSERT INTO PUB_AUTHOR VALUES (1161880,'Froissart R.');
INSERT INTO PUB_AUTHOR VALUES (1161880,'Maire I.');
INSERT INTO PUB_AUTHOR VALUES (1161880,'Millat G.');
INSERT INTO PUB_AUTHOR VALUES (1161880,'Cudry S.');
INSERT INTO PUB_AUTHOR VALUES (1161880,'Birot A.-M.');
INSERT INTO PUB_AUTHOR VALUES (1161880,'Bonnet V.');
INSERT INTO PUB_AUTHOR VALUES (1161880,'Bouton O.');
INSERT INTO PUB_AUTHOR VALUES (1161880,'Bozon D.');
INSERT INTO PUBLICATION VALUES (42358674,'www.link.com','Mutational spectrum of the iduronate-2-sulfatase (IDS) gene in 36 unrelated Russian MPS II patients.',2,'2019-05-29');
INSERT INTO PUB_AUTHOR VALUES (42358674,'Karsten S.');
INSERT INTO PUB_AUTHOR VALUES (42358674,'Voskoboeva E.');
INSERT INTO PUB_AUTHOR VALUES (42358674,'Tishkanina S.');
INSERT INTO PUB_AUTHOR VALUES (42358674,'Pettersson U.');
INSERT INTO PUB_AUTHOR VALUES (42358674,'Krasnopolskaya X.');
INSERT INTO PUB_AUTHOR VALUES (42358674,'Bondeson M.-L.');
INSERT INTO PUBLICATION VALUES (93798923,'www.link.com','Detection of four novel mutations in the iduronate-2-sulfatase gene.',2,'2019-05-29');
INSERT INTO PUB_AUTHOR VALUES (93798923,'Balzano N.');
INSERT INTO PUB_AUTHOR VALUES (93798923,'Villani G.R.D.');
INSERT INTO PUB_AUTHOR VALUES (93798923,'Grosso M.');
INSERT INTO PUB_AUTHOR VALUES (93798923,'Izzo P.');
INSERT INTO PUB_AUTHOR VALUES (93798923,'di Natale P.');
INSERT INTO PUBLICATION VALUES (55410799,'www.link.com','Mutations in the iduronate-2-sulfatase gene in 12 Spanish patients with Hunter disease.',2,'2019-05-29');
INSERT INTO PUB_AUTHOR VALUES (55410799,'Gort L.');
INSERT INTO PUB_AUTHOR VALUES (55410799,'Coll M.J.');
INSERT INTO PUB_AUTHOR VALUES (55410799,'Chabas A.');
INSERT INTO PUBLICATION VALUES (72081399,'www.link.com','Identification of 9 novel gene mutations in 19 unrelated Hunter syndrome (Mucopolysaccharidosis type II) patients.',2,'2019-05-29');
INSERT INTO PUB_AUTHOR VALUES (72081399,'Karsten S.L.');
INSERT INTO PUB_AUTHOR VALUES (72081399,'Voskoboeva E.');
INSERT INTO PUB_AUTHOR VALUES (72081399,'Carlberg B.-M.');
INSERT INTO PUB_AUTHOR VALUES (72081399,'Kleijer W.J.');
INSERT INTO PUB_AUTHOR VALUES (72081399,'Toennesen T.');
INSERT INTO PUB_AUTHOR VALUES (72081399,'Pettersson U.');
INSERT INTO PUB_AUTHOR VALUES (72081399,'Bondeson M.-L.');
INSERT INTO PUBLICATION VALUES (98542362,'www.link.com','Mutation analysis in the iduronate-2-sulphatase gene in 43 Japanese patients with mucopolysaccharidosis type II (Hunter disease).',2,'2019-05-29');
INSERT INTO PUB_AUTHOR VALUES (98542362,'Isogai K.');
INSERT INTO PUB_AUTHOR VALUES (98542362,'Sukegawa K.');
INSERT INTO PUB_AUTHOR VALUES (98542362,'Tomatsu S.');
INSERT INTO PUB_AUTHOR VALUES (98542362,'Fukao T.');
INSERT INTO PUB_AUTHOR VALUES (98542362,'Song X.-Q.');
INSERT INTO PUB_AUTHOR VALUES (98542362,'Yamada Y.');
INSERT INTO PUB_AUTHOR VALUES (98542362,'Fukuda S.');
INSERT INTO PUB_AUTHOR VALUES (98542362,'Orii T.');
INSERT INTO PUB_AUTHOR VALUES (98542362,'Kondo N.');
INSERT INTO PUBLICATION VALUES (22008880,'www.link.com','Hunter disease in the Spanish population: molecular analysis in 31 families.',2,'2019-05-29');
INSERT INTO PUB_AUTHOR VALUES (22008880,'Gort L.');
INSERT INTO PUB_AUTHOR VALUES (22008880,'Chabas A.');
INSERT INTO PUB_AUTHOR VALUES (22008880,'Coll M.J.');
INSERT INTO PUBLICATION VALUES (50416373,'www.link.com','Identification of 6 new mutations in the iduronate sulfatase gene.',2,'2019-05-29');
INSERT INTO PUB_AUTHOR VALUES (50416373,'Vallance H.D.');
INSERT INTO PUB_AUTHOR VALUES (50416373,'Bernard L.');
INSERT INTO PUB_AUTHOR VALUES (50416373,'Rashed M.');
INSERT INTO PUB_AUTHOR VALUES (50416373,'Chiu D.');
INSERT INTO PUB_AUTHOR VALUES (50416373,'Le G.');
INSERT INTO PUB_AUTHOR VALUES (50416373,'Toone J.');
INSERT INTO PUB_AUTHOR VALUES (50416373,'Applegarth D.A.');
INSERT INTO PUB_AUTHOR VALUES (50416373,'Coulter-Mackie M.');
INSERT INTO PUBLICATION VALUES (66265562,'www.link.com','Mutation analysis of iduronate-2-sulphatase gene in 24 patients with Hunter syndrome: characterisation of 6 novel mutations.',2,'2019-05-29');
INSERT INTO PUB_AUTHOR VALUES (66265562,'Hartog C.');
INSERT INTO PUB_AUTHOR VALUES (66265562,'Fryer A.');
INSERT INTO PUB_AUTHOR VALUES (66265562,'Upadhyaya M.');
INSERT INTO PUBLICATION VALUES (64366310,'www.link.com','Molecular basis of iduronate-2-sulphatase gene mutations in patients with mucopolysaccharidosis type II (Hunter syndrome).',2,'2019-05-29');
INSERT INTO PUB_AUTHOR VALUES (64366310,'Li P.');
INSERT INTO PUB_AUTHOR VALUES (64366310,'Bellows A.B.');
INSERT INTO PUB_AUTHOR VALUES (64366310,'Thompson J.N.');
INSERT INTO PUBLICATION VALUES (90664999,'www.link.com','Expression of five iduronate-2-sulfatase site-directed mutations.',2,'2019-05-29');
INSERT INTO PUB_AUTHOR VALUES (90664999,'Villani G.R.D.');
INSERT INTO PUB_AUTHOR VALUES (90664999,'Daniele A.');
INSERT INTO PUB_AUTHOR VALUES (90664999,'Balzano N.');
INSERT INTO PUB_AUTHOR VALUES (90664999,'Di Natale P.');
INSERT INTO PUBLICATION VALUES (96826103,'www.link.com','MPS II in females: molecular basis of two different cases.',2,'2019-05-29');
INSERT INTO PUB_AUTHOR VALUES (96826103,'Cudry S.');
INSERT INTO PUB_AUTHOR VALUES (96826103,'Tigaud I.');
INSERT INTO PUB_AUTHOR VALUES (96826103,'Froissart R.');
INSERT INTO PUB_AUTHOR VALUES (96826103,'Bonnet V.');
INSERT INTO PUB_AUTHOR VALUES (96826103,'Maire I.');
INSERT INTO PUB_AUTHOR VALUES (96826103,'Bozon D.');
INSERT INTO PUBLICATION VALUES (35234192,'www.link.com','The effect of four mutations on the expression of iduronate-2-sulfatase in mucopolysaccharidosis type II.',2,'2019-05-29');
INSERT INTO PUB_AUTHOR VALUES (35234192,'Bonuccelli G.');
INSERT INTO PUB_AUTHOR VALUES (35234192,'Di Natale P.');
INSERT INTO PUB_AUTHOR VALUES (35234192,'Corsolini F.');
INSERT INTO PUB_AUTHOR VALUES (35234192,'Villani G.');
INSERT INTO PUB_AUTHOR VALUES (35234192,'Regis S.');
INSERT INTO PUB_AUTHOR VALUES (35234192,'Filocamo M.');
INSERT INTO PUBLICATION VALUES (8929476,'www.link.com','Molecular basis of mucopolysaccharidosis type II in Portugal: identification of four novel mutations.',2,'2019-05-29');
INSERT INTO PUB_AUTHOR VALUES (8929476,'Moreira da Silva I.');
INSERT INTO PUB_AUTHOR VALUES (8929476,'Froissart R.');
INSERT INTO PUB_AUTHOR VALUES (8929476,'Marques dos Santos H.');
INSERT INTO PUB_AUTHOR VALUES (8929476,'Caseiro C.');
INSERT INTO PUB_AUTHOR VALUES (8929476,'Maire I.');
INSERT INTO PUB_AUTHOR VALUES (8929476,'Bozon D.');
INSERT INTO PUBLICATION VALUES (39218766,'www.link.com','Expression studies of two novel in CIS-mutations identified in an intermediate case of Hunter syndrome.',2,'2019-05-29');
INSERT INTO PUB_AUTHOR VALUES (39218766,'Ricci V.');
INSERT INTO PUB_AUTHOR VALUES (39218766,'Filocamo M.');
INSERT INTO PUB_AUTHOR VALUES (39218766,'Regis S.');
INSERT INTO PUB_AUTHOR VALUES (39218766,'Corsolini F.');
INSERT INTO PUB_AUTHOR VALUES (39218766,'Stroppiano M.');
INSERT INTO PUB_AUTHOR VALUES (39218766,'Di Duca M.');
INSERT INTO PUB_AUTHOR VALUES (39218766,'Gatti R.');
INSERT INTO PUBLICATION VALUES (2503036,'www.link.com','Mutational spectrum of the iduronate 2 sulfatase gene in 25 unrelated Korean Hunter syndrome patients: identification of 13 novel mutations.',2,'2019-05-29');
INSERT INTO PUB_AUTHOR VALUES (2503036,'Kim C.H.');
INSERT INTO PUB_AUTHOR VALUES (2503036,'Hwang H.Z.');
INSERT INTO PUB_AUTHOR VALUES (2503036,'Song S.M.');
INSERT INTO PUB_AUTHOR VALUES (2503036,'Paik K.H.');
INSERT INTO PUB_AUTHOR VALUES (2503036,'Kwon E.K.');
INSERT INTO PUB_AUTHOR VALUES (2503036,'Moon K.B.');
INSERT INTO PUB_AUTHOR VALUES (2503036,'Yoon J.H.');
INSERT INTO PUB_AUTHOR VALUES (2503036,'Han C.K.');
INSERT INTO PUB_AUTHOR VALUES (2503036,'Jin D.-K.');
INSERT INTO PUBLICATION VALUES (17272852,'www.link.com','Multiple cryptic splice sites can be activated by IDS point mutations generating misspliced transcripts.',2,'2019-05-29');
INSERT INTO PUB_AUTHOR VALUES (17272852,'Lualdi S.');
INSERT INTO PUB_AUTHOR VALUES (17272852,'Pittis M.G.');
INSERT INTO PUB_AUTHOR VALUES (17272852,'Regis S.');
INSERT INTO PUB_AUTHOR VALUES (17272852,'Parini R.');
INSERT INTO PUB_AUTHOR VALUES (17272852,'Allegri A.E.');
INSERT INTO PUB_AUTHOR VALUES (17272852,'Furlan F.');
INSERT INTO PUB_AUTHOR VALUES (17272852,'Bembi B.');
INSERT INTO PUB_AUTHOR VALUES (17272852,'Filocamo M.');
INSERT INTO PUBLICATION VALUES (64448817,'www.link.com','Structure and expression of a human oxytocin receptor.',2,'2019-05-29');
INSERT INTO PUB_AUTHOR VALUES (64448817,'Kimura T.');
INSERT INTO PUB_AUTHOR VALUES (64448817,'Tanizawa O.');
INSERT INTO PUB_AUTHOR VALUES (64448817,'Mori K.');
INSERT INTO PUB_AUTHOR VALUES (64448817,'Brownstein M.J.');
INSERT INTO PUB_AUTHOR VALUES (64448817,'Okayama H.');
INSERT INTO PUBLICATION VALUES (14907418,'www.link.com','cDNA clones of human proteins involved in signal transduction sequenced by the Guthrie cDNA resource center (www.cdna.org).',2,'2019-05-29');
INSERT INTO PUB_AUTHOR VALUES (14907418,'Kopatz S.A.');
INSERT INTO PUB_AUTHOR VALUES (14907418,'Aronstam R.S.');
INSERT INTO PUB_AUTHOR VALUES (14907418,'Sharma S.V.');
INSERT INTO PUBLICATION VALUES (47643291,'www.link.com','Structural organization of the human oxytocin receptor gene.',2,'2019-05-29');
INSERT INTO PUB_AUTHOR VALUES (47643291,'Inoue T.');
INSERT INTO PUB_AUTHOR VALUES (47643291,'Kimura T.');
INSERT INTO PUB_AUTHOR VALUES (47643291,'Azuma C.');
INSERT INTO PUB_AUTHOR VALUES (47643291,'Inazawa J.');
INSERT INTO PUB_AUTHOR VALUES (47643291,'Takemura M.');
INSERT INTO PUB_AUTHOR VALUES (47643291,'Kikuchi T.');
INSERT INTO PUB_AUTHOR VALUES (47643291,'Kubota Y.');
INSERT INTO PUB_AUTHOR VALUES (47643291,'Ogita K.');
INSERT INTO PUB_AUTHOR VALUES (47643291,'Saji F.');
INSERT INTO PFUNCTION VALUES (0005185,'neurohypophyseal hormone activity');
INSERT INTO PFUNCTION VALUES (0031855,'oxytocin receptor binding');
INSERT INTO PFUNCTION VALUES (0004423,'iduronate-2-sulfatase activity');
INSERT INTO PFUNCTION VALUES (0046872,'metal ion binding');
INSERT INTO PFUNCTION VALUES (0008484,'sulfuric ester hydrolase activity');
INSERT INTO PFUNCTION VALUES (0004990,'oxytocin receptor activity');
INSERT INTO PFUNCTION VALUES (0017046,'peptide hormone binding');
INSERT INTO PFUNCTION VALUES (0005000,'vasopressin receptor activity');
INSERT INTO MENTION_PROTEIN VALUES ('P01178','85770341');
INSERT INTO APROVAL_MENTION_PROTEIN VALUES (1,'P01178',85770341,'2019-05-30');
INSERT INTO MENTION_PROTEIN VALUES ('P01178','18006840');
INSERT INTO APROVAL_MENTION_PROTEIN VALUES (1,'P01178',18006840,'2019-05-30');
INSERT INTO MENTION_PROTEIN VALUES ('P01178','3656827');
INSERT INTO APROVAL_MENTION_PROTEIN VALUES (1,'P01178',3656827,'2019-05-30');
INSERT INTO MENTION_PROTEIN VALUES ('P01178','68182250');
INSERT INTO APROVAL_MENTION_PROTEIN VALUES (1,'P01178',68182250,'2019-05-30');
INSERT INTO MENTION_PROTEIN VALUES ('P01178','75990124');
INSERT INTO APROVAL_MENTION_PROTEIN VALUES (1,'P01178',75990124,'2019-05-30');
INSERT INTO MENTION_PROTEIN VALUES ('P01178','1807474');
INSERT INTO APROVAL_MENTION_PROTEIN VALUES (1,'P01178',1807474,'2019-05-30');
INSERT INTO MENTION_PROTEIN VALUES ('P01178','84911071');
INSERT INTO APROVAL_MENTION_PROTEIN VALUES (1,'P01178',84911071,'2019-05-30');
INSERT INTO MENTION_PROTEIN VALUES ('P01178','88252219');
INSERT INTO APROVAL_MENTION_PROTEIN VALUES (1,'P01178',88252219,'2019-05-30');
INSERT INTO MENTION_PROTEIN VALUES ('P01178','22153025');
INSERT INTO APROVAL_MENTION_PROTEIN VALUES (1,'P01178',22153025,'2019-05-30');
INSERT INTO MENTION_PROTEIN VALUES ('P01178','47498368');
INSERT INTO APROVAL_MENTION_PROTEIN VALUES (1,'P01178',47498368,'2019-05-30');
INSERT INTO MENTION_PROTEIN VALUES ('P22304','81278673');
INSERT INTO APROVAL_MENTION_PROTEIN VALUES (1,'P22304',81278673,'2019-05-30');
INSERT INTO MENTION_PROTEIN VALUES ('P22304','1396106');
INSERT INTO APROVAL_MENTION_PROTEIN VALUES (1,'P22304',1396106,'2019-05-30');
INSERT INTO MENTION_PROTEIN VALUES ('P22304','84351793');
INSERT INTO APROVAL_MENTION_PROTEIN VALUES (1,'P22304',84351793,'2019-05-30');
INSERT INTO MENTION_PROTEIN VALUES ('P22304','42268511');
INSERT INTO APROVAL_MENTION_PROTEIN VALUES (1,'P22304',42268511,'2019-05-30');
INSERT INTO MENTION_PROTEIN VALUES ('P22304','82985458');
INSERT INTO APROVAL_MENTION_PROTEIN VALUES (1,'P22304',82985458,'2019-05-30');
INSERT INTO MENTION_PROTEIN VALUES ('P22304','30458343');
INSERT INTO APROVAL_MENTION_PROTEIN VALUES (1,'P22304',30458343,'2019-05-30');
INSERT INTO MENTION_PROTEIN VALUES ('P22304','72513570');
INSERT INTO APROVAL_MENTION_PROTEIN VALUES (1,'P22304',72513570,'2019-05-30');
INSERT INTO MENTION_PROTEIN VALUES ('P22304','23226825');
INSERT INTO APROVAL_MENTION_PROTEIN VALUES (1,'P22304',23226825,'2019-05-30');
INSERT INTO MENTION_PROTEIN VALUES ('P22304','83082636');
INSERT INTO APROVAL_MENTION_PROTEIN VALUES (1,'P22304',83082636,'2019-05-30');
INSERT INTO MENTION_PROTEIN VALUES ('P22304','60363340');
INSERT INTO APROVAL_MENTION_PROTEIN VALUES (1,'P22304',60363340,'2019-05-30');
INSERT INTO MENTION_PROTEIN VALUES ('P22304','24210525');
INSERT INTO APROVAL_MENTION_PROTEIN VALUES (1,'P22304',24210525,'2019-05-30');
INSERT INTO MENTION_PROTEIN VALUES ('P22304','83988217');
INSERT INTO APROVAL_MENTION_PROTEIN VALUES (1,'P22304',83988217,'2019-05-30');
INSERT INTO MENTION_PROTEIN VALUES ('P22304','28322142');
INSERT INTO APROVAL_MENTION_PROTEIN VALUES (1,'P22304',28322142,'2019-05-30');
INSERT INTO MENTION_PROTEIN VALUES ('P22304','36665786');
INSERT INTO APROVAL_MENTION_PROTEIN VALUES (1,'P22304',36665786,'2019-05-30');
INSERT INTO MENTION_PROTEIN VALUES ('P22304','54779946');
INSERT INTO APROVAL_MENTION_PROTEIN VALUES (1,'P22304',54779946,'2019-05-30');
INSERT INTO MENTION_PROTEIN VALUES ('P22304','47901052');
INSERT INTO APROVAL_MENTION_PROTEIN VALUES (1,'P22304',47901052,'2019-05-30');
INSERT INTO MENTION_PROTEIN VALUES ('P22304','86290953');
INSERT INTO APROVAL_MENTION_PROTEIN VALUES (1,'P22304',86290953,'2019-05-30');
INSERT INTO MENTION_PROTEIN VALUES ('P22304','30440178');
INSERT INTO APROVAL_MENTION_PROTEIN VALUES (1,'P22304',30440178,'2019-05-30');
INSERT INTO MENTION_PROTEIN VALUES ('P22304','34805474');
INSERT INTO APROVAL_MENTION_PROTEIN VALUES (1,'P22304',34805474,'2019-05-30');
INSERT INTO MENTION_PROTEIN VALUES ('P22304','92030434');
INSERT INTO APROVAL_MENTION_PROTEIN VALUES (1,'P22304',92030434,'2019-05-30');
INSERT INTO MENTION_PROTEIN VALUES ('P22304','51338785');
INSERT INTO APROVAL_MENTION_PROTEIN VALUES (1,'P22304',51338785,'2019-05-30');
INSERT INTO MENTION_PROTEIN VALUES ('P22304','68250700');
INSERT INTO APROVAL_MENTION_PROTEIN VALUES (1,'P22304',68250700,'2019-05-30');
INSERT INTO MENTION_PROTEIN VALUES ('P22304','99016460');
INSERT INTO APROVAL_MENTION_PROTEIN VALUES (1,'P22304',99016460,'2019-05-30');
INSERT INTO MENTION_PROTEIN VALUES ('P22304','69204681');
INSERT INTO APROVAL_MENTION_PROTEIN VALUES (1,'P22304',69204681,'2019-05-30');
INSERT INTO MENTION_PROTEIN VALUES ('P22304','1108690');
INSERT INTO APROVAL_MENTION_PROTEIN VALUES (1,'P22304',1108690,'2019-05-30');
INSERT INTO MENTION_PROTEIN VALUES ('P22304','1161880');
INSERT INTO APROVAL_MENTION_PROTEIN VALUES (1,'P22304',1161880,'2019-05-30');
INSERT INTO MENTION_PROTEIN VALUES ('P22304','42358674');
INSERT INTO APROVAL_MENTION_PROTEIN VALUES (1,'P22304',42358674,'2019-05-30');
INSERT INTO MENTION_PROTEIN VALUES ('P22304','93798923');
INSERT INTO APROVAL_MENTION_PROTEIN VALUES (1,'P22304',93798923,'2019-05-30');
INSERT INTO MENTION_PROTEIN VALUES ('P22304','55410799');
INSERT INTO APROVAL_MENTION_PROTEIN VALUES (1,'P22304',55410799,'2019-05-30');
INSERT INTO MENTION_PROTEIN VALUES ('P22304','72081399');
INSERT INTO APROVAL_MENTION_PROTEIN VALUES (1,'P22304',72081399,'2019-05-30');
INSERT INTO MENTION_PROTEIN VALUES ('P22304','98542362');
INSERT INTO APROVAL_MENTION_PROTEIN VALUES (1,'P22304',98542362,'2019-05-30');
INSERT INTO MENTION_PROTEIN VALUES ('P22304','22008880');
INSERT INTO APROVAL_MENTION_PROTEIN VALUES (1,'P22304',22008880,'2019-05-30');
INSERT INTO MENTION_PROTEIN VALUES ('P22304','50416373');
INSERT INTO APROVAL_MENTION_PROTEIN VALUES (1,'P22304',50416373,'2019-05-30');
INSERT INTO MENTION_PROTEIN VALUES ('P22304','66265562');
INSERT INTO APROVAL_MENTION_PROTEIN VALUES (1,'P22304',66265562,'2019-05-30');
INSERT INTO MENTION_PROTEIN VALUES ('P22304','64366310');
INSERT INTO APROVAL_MENTION_PROTEIN VALUES (1,'P22304',64366310,'2019-05-30');
INSERT INTO MENTION_PROTEIN VALUES ('P22304','90664999');
INSERT INTO APROVAL_MENTION_PROTEIN VALUES (1,'P22304',90664999,'2019-05-30');
INSERT INTO MENTION_PROTEIN VALUES ('P22304','96826103');
INSERT INTO APROVAL_MENTION_PROTEIN VALUES (1,'P22304',96826103,'2019-05-30');
INSERT INTO MENTION_PROTEIN VALUES ('P22304','35234192');
INSERT INTO APROVAL_MENTION_PROTEIN VALUES (1,'P22304',35234192,'2019-05-30');
INSERT INTO MENTION_PROTEIN VALUES ('P22304','8929476');
INSERT INTO APROVAL_MENTION_PROTEIN VALUES (1,'P22304',8929476,'2019-05-30');
INSERT INTO MENTION_PROTEIN VALUES ('P22304','39218766');
INSERT INTO APROVAL_MENTION_PROTEIN VALUES (1,'P22304',39218766,'2019-05-30');
INSERT INTO MENTION_PROTEIN VALUES ('P22304','2503036');
INSERT INTO APROVAL_MENTION_PROTEIN VALUES (1,'P22304',2503036,'2019-05-30');
INSERT INTO MENTION_PROTEIN VALUES ('P22304','17272852');
INSERT INTO APROVAL_MENTION_PROTEIN VALUES (1,'P22304',17272852,'2019-05-30');
INSERT INTO MENTION_PROTEIN VALUES ('P30559','64448817');
INSERT INTO APROVAL_MENTION_PROTEIN VALUES (1,'P30559',64448817,'2019-05-30');
INSERT INTO MENTION_PROTEIN VALUES ('P30559','14907418');
INSERT INTO APROVAL_MENTION_PROTEIN VALUES (1,'P30559',14907418,'2019-05-30');
INSERT INTO MENTION_PROTEIN VALUES ('P30559','47643291');
INSERT INTO APROVAL_MENTION_PROTEIN VALUES (1,'P30559',47643291,'2019-05-30');
INSERT INTO MENTION_FUNCTION VALUES ('P01178',0005185,1);
INSERT INTO APROVAL_MENTION_FUNCTION VALUES (1,'P01178',0005185,1,'2019-05-30');
INSERT INTO MENTION_FUNCTION VALUES ('P01178',0031855,1);
INSERT INTO APROVAL_MENTION_FUNCTION VALUES (1,'P01178',0031855,1,'2019-05-30');
INSERT INTO MENTION_FUNCTION VALUES ('P22304',0004423,1);
INSERT INTO APROVAL_MENTION_FUNCTION VALUES (1,'P22304',0004423,1,'2019-05-30');
INSERT INTO MENTION_FUNCTION VALUES ('P22304',0046872,1);
INSERT INTO APROVAL_MENTION_FUNCTION VALUES (1,'P22304',0046872,1,'2019-05-30');
INSERT INTO MENTION_FUNCTION VALUES ('P22304',0008484,1);
INSERT INTO APROVAL_MENTION_FUNCTION VALUES (1,'P22304',0008484,1,'2019-05-30');
INSERT INTO MENTION_FUNCTION VALUES ('P30559',0004990,1);
INSERT INTO APROVAL_MENTION_FUNCTION VALUES (1,'P30559',0004990,1,'2019-05-30');
INSERT INTO MENTION_FUNCTION VALUES ('P30559',0017046,1);
INSERT INTO APROVAL_MENTION_FUNCTION VALUES (1,'P30559',0017046,1,'2019-05-30');
INSERT INTO MENTION_FUNCTION VALUES ('P30559',0005000,1);
INSERT INTO APROVAL_MENTION_FUNCTION VALUES (1,'P30559',0005000,1,'2019-05-30');
